T100 Wavelength,Desired T100 Output Power,T100 Output Power,Power Meter Wavelength,Power Meter Reading
1345,-6.9,-6.94,1250,-6.90333,
1345,-6.8,-6.88,1250,-6.45492,
1345,-6.7,-6.78,1250,-6.37964,
1345,-6.6,-6.65,1250,-6.23439,
1345,-6.5,-6.56,1250,-6.16014,
1345,-6.4,-6.42,1250,-6.02175,
1345,-6.3,-6.37,1250,-5.95775,
1345,-6.2,-6.28,1250,-5.88791,
1345,-6.1,-6.15,1250,-5.75665,
1345,-6,-6.02,1250,-5.62972,
1345,-5.9,-5.96,1250,-5.56831,
1345,-5.8,-5.83,1250,-5.44985,
1345,-5.7,-5.77,1250,-5.38808,
1345,-5.6,-5.66,1250,-5.2711,
1345,-5.5,-5.54,1250,-5.15801,
1345,-5.4,-5.43,1250,-5.04733,
1345,-5.3,-5.32,1250,-4.94124,
1345,-5.2,-5.26,1250,-4.88892,
1345,-5.1,-5.17,1250,-4.78592,
1345,-5,-5.06,1250,-4.6835,
1345,-4.9,-4.96,1250,-4.5867,
1345,-4.8,-4.86,1250,-4.48878,
1345,-4.7,-4.71,1250,-4.34682,
1345,-4.6,-4.62,1250,-4.25529,
1345,-4.5,-4.53,1250,-4.16647,
1345,-4.4,-4.44,1250,-4.07785,
1345,-4.3,-4.35,1250,-3.99151,
1345,-4.2,-4.22,1250,-3.86766,
1345,-4.1,-4.14,1250,-3.78433,
1345,-4,-4.02,1250,-3.66284,
1345,-3.9,-3.94,1250,-3.58458,
1345,-3.8,-3.82,1250,-3.47145,
1345,-3.7,-3.75,1250,-3.3968,
1345,-3.6,-3.64,1250,-3.2855,
1345,-3.5,-3.53,1250,-3.17972,
1345,-3.4,-3.42,1250,-3.07418,
1345,-3.3,-3.32,1250,-2.9745,
1345,-3.2,-3.22,1250,-2.87195,
1345,-3.1,-3.12,1250,-2.77462,
1345,-3,-3.02,1250,-2.67892,
1345,-2.9,-2.92,1250,-2.58582,
1345,-2.8,-2.83,1250,-2.49301,
1345,-2.7,-2.71,1250,-2.37396,
1345,-2.6,-2.62,1250,-2.28693,
1345,-2.5,-2.51,1250,-2.17391,
1345,-2.4,-2.42,1250,-2.08973,
1345,-2.3,-2.31,1250,-1.98138,
1345,-2.2,-2.23,1250,-1.90195,
1345,-2.1,-2.13,1250,-1.7981,
1345,-2,-2.03,1250,-1.69589,
1345,-1.9,-1.93,1250,-1.59755,
1345,-1.8,-1.83,1250,-1.49976,
1345,-1.7,-1.71,1250,-1.38127,
1345,-1.6,-1.62,1250,-1.28845,
1345,-1.5,-1.53,1250,-1.19828,
1345,-1.4,-1.41,1250,-1.0872,
1345,-1.3,-1.33,1250,-1.00094,
1345,-1.2,-1.22,1250,-0.894301,
1345,-1.1,-1.11,1250,-0.792035,
1345,-1,-1.01,1250,-0.690874,
1345,-0.9,-0.91,1250,-0.592238,
1345,-0.8,-0.82,1250,-0.495939,
1345,-0.7,-0.72,1250,-0.402347,
1345,-0.6,-0.61,1250,-0.290965,
1345,-0.5,-0.52,1250,-0.201392,
1345,-0.4,-0.42,1250,-0.096163,
1345,-0.3,-0.31,1250,0.00707324,
1345,-0.2,-0.21,1250,0.108357,
1345,-0.1,-0.11,1250,0.206956,
1345,-8.13238e-15,-0.11,1250,0.206823,
1345,0.1,0.08,1250,0.397808,
1345,0.2,0.19,1250,0.504671,
1345,0.3,0.29,1250,0.609904,
1345,0.4,0.38,1250,0.697606,
1345,0.5,0.48,1250,0.797549,
1345,0.6,0.58,1250,0.895551,
1345,0.7,0.69,1250,1.00507,
1345,0.8,0.78,1250,1.09813,
1345,0.9,0.89,1250,1.20269,
1345,1,0.99,1250,1.30464,
1345,1.1,1.09,1250,1.40441,
1345,1.2,1.19,1250,1.50203,
1345,1.3,1.28,1250,1.59707,
1345,1.4,1.39,1250,1.70218,
1345,1.5,1.49,1250,1.80417,
1345,1.6,1.59,1250,1.90449,
1345,1.7,1.69,1250,2.00205,
1345,1.8,1.79,1250,2.09787,
1345,1.9,1.89,1250,2.20215,
1345,2,1.99,1250,2.3031,
1345,2.1,2.09,1250,2.40208,
1345,2.2,2.19,1250,2.49921,
1345,2.3,2.29,1250,2.60296,
1345,2.4,2.39,1250,2.69559,
1345,2.5,2.49,1250,2.79545,
1345,2.6,2.59,1250,2.90118,
1345,2.7,2.69,1250,2.99588,
1345,2.8,2.79,1250,3.098,
1345,2.9,2.89,1250,3.19728,
1345,3,2.99,1250,3.30211,
1345,3.1,3.09,1250,3.39712,
1345,3.2,3.19,1250,3.49681,
1345,3.3,3.3,1250,3.60238,
1345,3.4,3.39,1250,3.69818,
1345,3.5,3.49,1250,3.79878,
1345,3.6,3.59,1250,3.89712,
1345,3.7,3.69,1250,3.99978,
1345,3.8,3.79,1250,4.10088,
1345,3.9,3.89,1250,4.19925,
1345,4,3.99,1250,4.30185,
1345,4.1,4.09,1250,4.40187,
1345,4.2,4.19,1250,4.49978,
1345,4.3,4.29,1250,4.60168,
1345,4.4,4.39,1250,4.7006,
1345,4.5,4.49,1250,4.79778,
1345,4.6,4.59,1250,4.89854,
1345,4.7,4.69,1250,5.00241,
1345,4.8,4.79,1250,5.09811,
1345,4.9,4.89,1250,5.20264,
1345,5,4.99,1250,5.2994,
1345,5.1,5.09,1250,5.39901,
1345,5.2,5.19,1250,5.501,
1345,5.3,5.29,1250,5.60104,
1345,5.4,5.39,1250,5.70323,
1345,5.5,5.49,1250,5.80309,
1345,5.6,5.59,1250,5.90081,
1345,5.7,5.69,1250,6.00031,
1345,5.8,5.8,1250,6.10234,
1345,5.9,5.89,1250,6.20188,
1345,6,5.99,1250,6.30315,
1345,6.1,6.09,1250,6.40203,
1345,6.2,6.19,1250,6.50265,
1345,6.3,6.29,1250,6.60467,
1345,6.4,6.39,1250,6.70435,
1345,6.5,6.49,1250,6.80188,
1345,6.6,6.59,1250,6.90412,
1345,6.7,6.69,1250,7.00404,
1345,6.8,6.8,1250,7.10528,
1345,6.9,6.89,1250,7.20418,
1345,7,6.99,1250,7.30375,
1345,-6.9,-6.94,1255,-6.52181,
1345,-6.8,-6.86,1255,-6.46386,
1345,-6.7,-6.78,1255,-6.39112,
1345,-6.6,-6.64,1255,-6.24717,
1345,-6.5,-6.56,1255,-6.17473,
1345,-6.4,-6.42,1255,-6.03625,
1345,-6.3,-6.35,1255,-5.97302,
1345,-6.2,-6.27,1255,-5.90393,
1345,-6.1,-6.13,1255,-5.77289,
1345,-6,-6.01,1255,-5.64639,
1345,-5.9,-5.96,1255,-5.58569,
1345,-5.8,-5.83,1255,-5.46718,
1345,-5.7,-5.77,1255,-5.40524,
1345,-5.6,-5.66,1255,-5.28859,
1345,-5.5,-5.54,1255,-5.17531,
1345,-5.4,-5.43,1255,-5.06492,
1345,-5.3,-5.32,1255,-4.959,
1345,-5.2,-5.25,1255,-4.90662,
1345,-5.1,-5.15,1255,-4.80327,
1345,-5,-5.04,1255,-4.70132,
1345,-4.9,-4.96,1255,-4.60467,
1345,-4.8,-4.86,1255,-4.50697,
1345,-4.7,-4.71,1255,-4.3647,
1345,-4.6,-4.61,1255,-4.2731,
1345,-4.5,-4.53,1255,-4.1845,
1345,-4.4,-4.44,1255,-4.09594,
1345,-4.3,-4.35,1255,-4.00961,
1345,-4.2,-4.22,1255,-3.88571,
1345,-4.1,-4.14,1255,-3.80252,
1345,-4,-4.02,1255,-3.68124,
1345,-3.9,-3.94,1255,-3.60314,
1345,-3.8,-3.82,1255,-3.49012,
1345,-3.7,-3.75,1255,-3.41566,
1345,-3.6,-3.63,1255,-3.30413,
1345,-3.5,-3.53,1255,-3.19843,
1345,-3.4,-3.42,1255,-3.09298,
1345,-3.3,-3.32,1255,-2.99327,
1345,-3.2,-3.21,1255,-2.89085,
1345,-3.1,-3.12,1255,-2.79346,
1345,-3,-3.01,1255,-2.69751,
1345,-2.9,-2.92,1255,-2.60451,
1345,-2.8,-2.83,1255,-2.51185,
1345,-2.7,-2.7,1255,-2.39286,
1345,-2.6,-2.62,1255,-2.30581,
1345,-2.5,-2.51,1255,-2.193,
1345,-2.4,-2.42,1255,-2.10866,
1345,-2.3,-2.31,1255,-2.00042,
1345,-2.2,-2.23,1255,-1.92103,
1345,-2.1,-2.13,1255,-1.81719,
1345,-2,-2.03,1255,-1.71507,
1345,-1.9,-1.93,1255,-1.61656,
1345,-1.8,-1.83,1255,-1.51879,
1345,-1.7,-1.71,1255,-1.40025,
1345,-1.6,-1.62,1255,-1.30745,
1345,-1.5,-1.52,1255,-1.21746,
1345,-1.4,-1.41,1255,-1.10627,
1345,-1.3,-1.32,1255,-1.02006,
1345,-1.2,-1.22,1255,-0.913522,
1345,-1.1,-1.11,1255,-0.811126,
1345,-1,-1.01,1255,-0.710239,
1345,-0.9,-0.91,1255,-0.611525,
1345,-0.8,-0.82,1255,-0.514915,
1345,-0.7,-0.73,1255,-0.421484,
1345,-0.6,-0.62,1255,-0.3103,
1345,-0.5,-0.52,1255,-0.220539,
1345,-0.4,-0.41,1255,-0.115272,
1345,-0.3,-0.31,1255,-0.0121163,
1345,-0.2,-0.21,1255,0.0890662,
1345,-0.1,-0.11,1255,0.187625,
1345,-8.13238e-15,-0.11,1255,0.187604,
1345,0.1,0.08,1255,0.37849,
1345,0.2,0.19,1255,0.485412,
1345,0.3,0.29,1255,0.590626,
1345,0.4,0.38,1255,0.678483,
1345,0.5,0.49,1255,0.77831,
1345,0.6,0.58,1255,0.876398,
1345,0.7,0.69,1255,0.985631,
1345,0.8,0.79,1255,1.07895,
1345,0.9,0.89,1255,1.18349,
1345,1,0.99,1255,1.28554,
1345,1.1,1.09,1255,1.38528,
1345,1.2,1.19,1255,1.4828,
1345,1.3,1.29,1255,1.57793,
1345,1.4,1.39,1255,1.68292,
1345,1.5,1.49,1255,1.78504,
1345,1.6,1.59,1255,1.88532,
1345,1.7,1.69,1255,1.98301,
1345,1.8,1.79,1255,2.0789,
1345,1.9,1.89,1255,2.18281,
1345,2,1.99,1255,2.28382,
1345,2.1,2.09,1255,2.38293,
1345,2.2,2.19,1255,2.47993,
1345,2.3,2.29,1255,2.58366,
1345,2.4,2.39,1255,2.67637,
1345,2.5,2.49,1255,2.77628,
1345,2.6,2.59,1255,2.88196,
1345,2.7,2.69,1255,2.97673,
1345,2.8,2.79,1255,3.0787,
1345,2.9,2.89,1255,3.17808,
1345,3,2.99,1255,3.28297,
1345,3.1,3.09,1255,3.37784,
1345,3.2,3.19,1255,3.47763,
1345,3.3,3.29,1255,3.58311,
1345,3.4,3.39,1255,3.67889,
1345,3.5,3.49,1255,3.77965,
1345,3.6,3.59,1255,3.87801,
1345,3.7,3.69,1255,3.98074,
1345,3.8,3.79,1255,4.08173,
1345,3.9,3.89,1255,4.18003,
1345,4,3.99,1255,4.28268,
1345,4.1,4.09,1255,4.38258,
1345,4.2,4.19,1255,4.48059,
1345,4.3,4.3,1255,4.58242,
1345,4.4,4.39,1255,4.68145,
1345,4.5,4.49,1255,4.77865,
1345,4.6,4.59,1255,4.87938,
1345,4.7,4.7,1255,4.98319,
1345,4.8,4.79,1255,5.07904,
1345,4.9,4.9,1255,5.18335,
1345,5,4.99,1255,5.28019,
1345,5.1,5.09,1255,5.37975,
1345,5.2,5.19,1255,5.48166,
1345,5.3,5.29,1255,5.58177,
1345,5.4,5.4,1255,5.68403,
1345,5.5,5.49,1255,5.78386,
1345,5.6,5.59,1255,5.88157,
1345,5.7,5.69,1255,5.98106,
1345,5.8,5.8,1255,6.08324,
1345,5.9,5.89,1255,6.18256,
1345,6,5.99,1255,6.28389,
1345,6.1,6.09,1255,6.38284,
1345,6.2,6.19,1255,6.48342,
1345,6.3,6.29,1255,6.58545,
1345,6.4,6.4,1255,6.68507,
1345,6.5,6.49,1255,6.78262,
1345,6.6,6.59,1255,6.88495,
1345,6.7,6.69,1255,6.98487,
1345,6.8,6.8,1255,7.08602,
1345,6.9,6.89,1255,7.1848,
1345,7,6.99,1255,7.28469,
1260,-6.9,-6.9,1260,-6.82839,
1260,-6.8,-6.84,1260,-6.77313,
1260,-6.7,-6.77,1260,-6.70217,
1260,-6.6,-6.64,1260,-6.55956,
1260,-6.5,-6.56,1260,-6.48775,
1260,-6.4,-6.42,1260,-6.35075,
1260,-6.3,-6.33,1260,-6.28739,
1260,-6.2,-6.27,1260,-6.21833,
1260,-6.1,-6.13,1260,-6.0871,
1260,-6,-6.01,1260,-5.96058,
1260,-5.9,-5.96,1260,-5.90033,
1260,-5.8,-5.83,1260,-5.78171,
1260,-5.7,-5.76,1260,-5.72023,
1260,-5.6,-5.64,1260,-5.60406,
1260,-5.5,-5.54,1260,-5.4906,
1260,-5.4,-5.43,1260,-5.37959,
1260,-5.3,-5.32,1260,-5.27437,
1260,-5.2,-5.25,1260,-5.22211,
1260,-5.1,-5.16,1260,-5.11899,
1260,-5,-5.04,1260,-5.0171,
1260,-4.9,-4.96,1260,-4.92021,
1260,-4.8,-4.86,1260,-4.82232,
1260,-4.7,-4.71,1260,-4.6804,
1260,-4.6,-4.62,1260,-4.5891,
1260,-4.5,-4.53,1260,-4.50011,
1260,-4.4,-4.44,1260,-4.41206,
1260,-4.3,-4.35,1260,-4.32554,
1260,-4.2,-4.22,1260,-4.20154,
1260,-4.1,-4.14,1260,-4.11844,
1260,-4,-4.01,1260,-3.9975,
1260,-3.9,-3.94,1260,-3.91895,
1260,-3.8,-3.82,1260,-3.80615,
1260,-3.7,-3.75,1260,-3.73143,
1260,-3.6,-3.63,1260,-3.62003,
1260,-3.5,-3.53,1260,-3.51436,
1260,-3.4,-3.42,1260,-3.40874,
1260,-3.3,-3.32,1260,-3.30912,
1260,-3.2,-3.21,1260,-3.20691,
1260,-3.1,-3.12,1260,-3.10925,
1260,-3,-3.02,1260,-3.01345,
1260,-2.9,-2.92,1260,-2.92051,
1260,-2.8,-2.83,1260,-2.82793,
1260,-2.7,-2.71,1260,-2.70876,
1260,-2.6,-2.62,1260,-2.62206,
1260,-2.5,-2.51,1260,-2.50899,
1260,-2.4,-2.42,1260,-2.42517,
1260,-2.3,-2.31,1260,-2.31672,
1260,-2.2,-2.23,1260,-2.23703,
1260,-2.1,-2.13,1260,-2.13338,
1260,-2,-2.03,1260,-2.03105,
1260,-1.9,-1.93,1260,-1.93272,
1260,-1.8,-1.83,1260,-1.83492,
1260,-1.7,-1.71,1260,-1.71646,
1260,-1.6,-1.62,1260,-1.62363,
1260,-1.5,-1.52,1260,-1.53357,
1260,-1.4,-1.41,1260,-1.42263,
1260,-1.3,-1.33,1260,-1.33631,
1260,-1.2,-1.22,1260,-1.22976,
1260,-1.1,-1.11,1260,-1.12744,
1260,-1,-1.02,1260,-1.02654,
1260,-0.9,-0.92,1260,-0.927823,
1260,-0.8,-0.82,1260,-0.831444,
1260,-0.7,-0.72,1260,-0.737942,
1260,-0.6,-0.61,1260,-0.626564,
1260,-0.5,-0.52,1260,-0.537078,
1260,-0.4,-0.42,1260,-0.43176,
1260,-0.3,-0.31,1260,-0.328646,
1260,-0.2,-0.21,1260,-0.227653,
1260,-0.1,-0.11,1260,-0.12914,
1260,-8.13238e-15,-0.11,1260,-0.12889,
1260,0.1,0.08,1260,0.0619854,
1260,0.2,0.19,1260,0.168809,
1260,0.3,0.29,1260,0.273892,
1260,0.4,0.38,1260,0.361904,
1260,0.5,0.48,1260,0.461513,
1260,0.6,0.58,1260,0.559564,
1260,0.7,0.69,1260,0.669063,
1260,0.8,0.79,1260,0.762227,
1260,0.9,0.89,1260,0.866652,
1260,1,0.99,1260,0.968746,
1260,1.1,1.09,1260,1.06838,
1260,1.2,1.19,1260,1.16591,
1260,1.3,1.29,1260,1.26102,
1260,1.4,1.39,1260,1.36609,
1260,1.5,1.49,1260,1.468,
1260,1.6,1.6,1260,1.5684,
1260,1.7,1.69,1260,1.66586,
1260,1.8,1.79,1260,1.76173,
1260,1.9,1.89,1260,1.8658,
1260,2,1.99,1260,1.96696,
1260,2.1,2.09,1260,2.0658,
1260,2.2,2.19,1260,2.16282,
1260,2.3,2.29,1260,2.26662,
1260,2.4,2.39,1260,2.35917,
1260,2.5,2.49,1260,2.45902,
1260,2.6,2.59,1260,2.56483,
1260,2.7,2.69,1260,2.65931,
1260,2.8,2.79,1260,2.76141,
1260,2.9,2.89,1260,2.86062,
1260,3,2.99,1260,2.96586,
1260,3.1,3.09,1260,3.06068,
1260,3.2,3.19,1260,3.16054,
1260,3.3,3.29,1260,3.26598,
1260,3.4,3.39,1260,3.36173,
1260,3.5,3.49,1260,3.46251,
1260,3.6,3.59,1260,3.56083,
1260,3.7,3.69,1260,3.66318,
1260,3.8,3.79,1260,3.76446,
1260,3.9,3.89,1260,3.8627,
1260,4,3.99,1260,3.96533,
1260,4.1,4.09,1260,4.06538,
1260,4.2,4.19,1260,4.16343,
1260,4.3,4.29,1260,4.26493,
1260,4.4,4.39,1260,4.36419,
1260,4.5,4.49,1260,4.4611,
1260,4.6,4.59,1260,4.56195,
1260,4.7,4.7,1260,4.66573,
1260,4.8,4.79,1260,4.76129,
1260,4.9,4.89,1260,4.86581,
1260,5,4.99,1260,4.96252,
1260,5.1,5.09,1260,5.06197,
1260,5.2,5.19,1260,5.16396,
1260,5.3,5.29,1260,5.26394,
1260,5.4,5.39,1260,5.36593,
1260,5.5,5.49,1260,5.46606,
1260,5.6,5.59,1260,5.56364,
1260,5.7,5.69,1260,5.66325,
1260,5.8,5.79,1260,5.76499,
1260,5.9,5.89,1260,5.86471,
1260,6,5.99,1260,5.96592,
1260,6.1,6.09,1260,6.0647,
1260,6.2,6.19,1260,6.16503,
1260,6.3,6.29,1260,6.26724,
1260,6.4,6.39,1260,6.36681,
1260,6.5,6.49,1260,6.46437,
1260,6.6,6.59,1260,6.56641,
1260,6.7,6.69,1260,6.66607,
1260,6.8,6.79,1260,6.76732,
1260,6.9,6.89,1260,6.86613,
1260,7,6.99,1260,6.96546,
1265,-6.9,-6.9,1265,-6.79176,
1265,-6.8,-6.84,1265,-6.73852,
1265,-6.7,-6.77,1265,-6.66987,
1265,-6.6,-6.64,1265,-6.52869,
1265,-6.5,-6.56,1265,-6.45758,
1265,-6.4,-6.42,1265,-6.3219,
1265,-6.3,-6.35,1265,-6.25965,
1265,-6.2,-6.28,1265,-6.19085,
1265,-6.1,-6.15,1265,-6.06072,
1265,-6,-6.02,1265,-5.93529,
1265,-5.9,-5.96,1265,-5.87486,
1265,-5.8,-5.83,1265,-5.75685,
1265,-5.7,-5.76,1265,-5.69596,
1265,-5.6,-5.66,1265,-5.57994,
1265,-5.5,-5.54,1265,-5.46759,
1265,-5.4,-5.43,1265,-5.3576,
1265,-5.3,-5.32,1265,-5.2524,
1265,-5.2,-5.26,1265,-5.2008,
1265,-5.1,-5.16,1265,-5.09791,
1265,-5,-5.04,1265,-4.99633,
1265,-4.9,-4.96,1265,-4.89972,
1265,-4.8,-4.86,1265,-4.80272,
1265,-4.7,-4.71,1265,-4.66134,
1265,-4.6,-4.62,1265,-4.57016,
1265,-4.5,-4.53,1265,-4.48148,
1265,-4.4,-4.44,1265,-4.39382,
1265,-4.3,-4.35,1265,-4.30732,
1265,-4.2,-4.22,1265,-4.18424,
1265,-4.1,-4.14,1265,-4.10159,
1265,-4,-4.02,1265,-3.98055,
1265,-3.9,-3.94,1265,-3.90229,
1265,-3.8,-3.82,1265,-3.78982,
1265,-3.7,-3.75,1265,-3.71576,
1265,-3.6,-3.63,1265,-3.60466,
1265,-3.5,-3.53,1265,-3.49878,
1265,-3.4,-3.42,1265,-3.39389,
1265,-3.3,-3.32,1265,-3.29467,
1265,-3.2,-3.21,1265,-3.19289,
1265,-3.1,-3.12,1265,-3.09522,
1265,-3,-3.02,1265,-2.99982,
1265,-2.9,-2.92,1265,-2.90693,
1265,-2.8,-2.83,1265,-2.81452,
1265,-2.7,-2.71,1265,-2.69615,
1265,-2.6,-2.62,1265,-2.60929,
1265,-2.5,-2.51,1265,-2.4966,
1265,-2.4,-2.42,1265,-2.41262,
1265,-2.3,-2.31,1265,-2.30476,
1265,-2.2,-2.23,1265,-2.22553,
1265,-2.1,-2.13,1265,-2.12176,
1265,-2,-2.03,1265,-2.01987,
1265,-1.9,-1.93,1265,-1.92174,
1265,-1.8,-1.83,1265,-1.8245,
1265,-1.7,-1.71,1265,-1.70594,
1265,-1.6,-1.62,1265,-1.61352,
1265,-1.5,-1.52,1265,-1.52354,
1265,-1.4,-1.41,1265,-1.41278,
1265,-1.3,-1.33,1265,-1.32669,
1265,-1.2,-1.22,1265,-1.22032,
1265,-1.1,-1.11,1265,-1.11824,
1265,-1,-1.01,1265,-1.01757,
1265,-0.9,-0.91,1265,-0.919198,
1265,-0.8,-0.82,1265,-0.822807,
1265,-0.7,-0.72,1265,-0.729529,
1265,-0.6,-0.61,1265,-0.618507,
1265,-0.5,-0.52,1265,-0.528913,
1265,-0.4,-0.41,1265,-0.423831,
1265,-0.3,-0.31,1265,-0.320837,
1265,-0.2,-0.21,1265,-0.219945,
1265,-0.1,-0.11,1265,-0.121423,
1265,-8.13238e-15,-0.11,1265,-0.12136,
1265,0.1,0.08,1265,0.0690824,
1265,0.2,0.19,1265,0.175892,
1265,0.3,0.29,1265,0.280968,
1265,0.4,0.38,1265,0.368863,
1265,0.5,0.48,1265,0.468404,
1265,0.6,0.58,1265,0.566347,
1265,0.7,0.69,1265,0.67551,
1265,0.8,0.79,1265,0.768734,
1265,0.9,0.89,1265,0.873061,
1265,1,0.99,1265,0.974794,
1265,1.1,1.09,1265,1.07438,
1265,1.2,1.19,1265,1.17182,
1265,1.3,1.29,1265,1.26679,
1265,1.4,1.39,1265,1.37175,
1265,1.5,1.49,1265,1.47358,
1265,1.6,1.6,1265,1.57401,
1265,1.7,1.69,1265,1.67147,
1265,1.8,1.79,1265,1.76716,
1265,1.9,1.89,1265,1.87119,
1265,2,1.99,1265,1.97192,
1265,2.1,2.09,1265,2.07093,
1265,2.2,2.19,1265,2.16785,
1265,2.3,2.3,1265,2.27144,
1265,2.4,2.39,1265,2.36404,
1265,2.5,2.49,1265,2.46382,
1265,2.6,2.59,1265,2.56938,
1265,2.7,2.69,1265,2.66416,
1265,2.8,2.79,1265,2.76591,
1265,2.9,2.89,1265,2.86512,
1265,3,3,1265,2.97012,
1265,3.1,3.09,1265,3.06502,
1265,3.2,3.19,1265,3.16479,
1265,3.3,3.29,1265,3.27,
1265,3.4,3.39,1265,3.36594,
1265,3.5,3.49,1265,3.46645,
1265,3.6,3.59,1265,3.56459,
1265,3.7,3.69,1265,3.66701,
1265,3.8,3.79,1265,3.76803,
1265,3.9,3.89,1265,3.86651,
1265,4,4,1265,3.96906,
1265,4.1,4.09,1265,4.06878,
1265,4.2,4.19,1265,4.16686,
1265,4.3,4.29,1265,4.26851,
1265,4.4,4.39,1265,4.36749,
1265,4.5,4.49,1265,4.46475,
1265,4.6,4.59,1265,4.56545,
1265,4.7,4.7,1265,4.66892,
1265,4.8,4.79,1265,4.76467,
1265,4.9,4.89,1265,4.86892,
1265,5,4.99,1265,4.96576,
1265,5.1,5.09,1265,5.06517,
1265,5.2,5.19,1265,5.16732,
1265,5.3,5.29,1265,5.26703,
1265,5.4,5.4,1265,5.36912,
1265,5.5,5.49,1265,5.46902,
1265,5.6,5.59,1265,5.56664,
1265,5.7,5.69,1265,5.66645,
1265,5.8,5.79,1265,5.76802,
1265,5.9,5.89,1265,5.8676,
1265,6,5.99,1265,5.96873,
1265,6.1,6.09,1265,6.0674,
1265,6.2,6.19,1265,6.16798,
1265,6.3,6.29,1265,6.27014,
1265,6.4,6.39,1265,6.36951,
1265,6.5,6.49,1265,6.46699,
1265,6.6,6.59,1265,6.56916,
1265,6.7,6.69,1265,6.6688,
1265,6.8,6.79,1265,6.77024,
1265,6.9,6.89,1265,6.8689,
1265,7,6.99,1265,6.96862,
1270,-6.9,-6.92,1270,-6.80576,
1270,-6.8,-6.86,1270,-6.75191,
1270,-6.7,-6.78,1270,-6.68129,
1270,-6.6,-6.64,1270,-6.539,
1270,-6.5,-6.56,1270,-6.46732,
1270,-6.4,-6.42,1270,-6.33085,
1270,-6.3,-6.35,1270,-6.26803,
1270,-6.2,-6.28,1270,-6.19913,
1270,-6.1,-6.15,1270,-6.06874,
1270,-6,-6.02,1270,-5.94282,
1270,-5.9,-5.96,1270,-5.88228,
1270,-5.8,-5.83,1270,-5.76422,
1270,-5.7,-5.77,1270,-5.70318,
1270,-5.6,-5.66,1270,-5.58666,
1270,-5.5,-5.54,1270,-5.47383,
1270,-5.4,-5.43,1270,-5.36401,
1270,-5.3,-5.32,1270,-5.25868,
1270,-5.2,-5.26,1270,-5.20699,
1270,-5.1,-5.16,1270,-5.10374,
1270,-5,-5.06,1270,-5.00206,
1270,-4.9,-4.96,1270,-4.90581,
1270,-4.8,-4.86,1270,-4.80846,
1270,-4.7,-4.72,1270,-4.66678,
1270,-4.6,-4.62,1270,-4.57589,
1270,-4.5,-4.53,1270,-4.48739,
1270,-4.4,-4.44,1270,-4.39894,
1270,-4.3,-4.35,1270,-4.31282,
1270,-4.2,-4.22,1270,-4.18952,
1270,-4.1,-4.14,1270,-4.10644,
1270,-4,-4.02,1270,-3.98591,
1270,-3.9,-3.94,1270,-3.90773,
1270,-3.8,-3.82,1270,-3.79517,
1270,-3.7,-3.75,1270,-3.72073,
1270,-3.6,-3.63,1270,-3.60964,
1270,-3.5,-3.53,1270,-3.50392,
1270,-3.4,-3.43,1270,-3.39865,
1270,-3.3,-3.32,1270,-3.29905,
1270,-3.2,-3.22,1270,-3.19727,
1270,-3.1,-3.12,1270,-3.09954,
1270,-3,-3.02,1270,-3.0041,
1270,-2.9,-2.92,1270,-2.91111,
1270,-2.8,-2.83,1270,-2.81865,
1270,-2.7,-2.71,1270,-2.70001,
1270,-2.6,-2.63,1270,-2.61317,
1270,-2.5,-2.51,1270,-2.50032,
1270,-2.4,-2.42,1270,-2.41643,
1270,-2.3,-2.31,1270,-2.30856,
1270,-2.2,-2.24,1270,-2.22914,
1270,-2.1,-2.13,1270,-2.12551,
1270,-2,-2.03,1270,-2.02335,
1270,-1.9,-1.93,1270,-1.92511,
1270,-1.8,-1.83,1270,-1.82779,
1270,-1.7,-1.71,1270,-1.70933,
1270,-1.6,-1.62,1270,-1.61685,
1270,-1.5,-1.53,1270,-1.52688,
1270,-1.4,-1.41,1270,-1.41606,
1270,-1.3,-1.33,1270,-1.32967,
1270,-1.2,-1.22,1270,-1.22342,
1270,-1.1,-1.11,1270,-1.12122,
1270,-1,-1.01,1270,-1.0204,
1270,-0.9,-0.91,1270,-0.922007,
1270,-0.8,-0.82,1270,-0.825678,
1270,-0.7,-0.72,1270,-0.73231,
1270,-0.6,-0.61,1270,-0.621231,
1270,-0.5,-0.52,1270,-0.531808,
1270,-0.4,-0.41,1270,-0.426547,
1270,-0.3,-0.31,1270,-0.323471,
1270,-0.2,-0.21,1270,-0.222488,
1270,-0.1,-0.11,1270,-0.123971,
1270,-8.13238e-15,-0.11,1270,-0.124049,
1270,0.1,0.08,1270,0.0665598,
1270,0.2,0.19,1270,0.173427,
1270,0.3,0.29,1270,0.278505,
1270,0.4,0.38,1270,0.366217,
1270,0.5,0.48,1270,0.465779,
1270,0.6,0.58,1270,0.563754,
1270,0.7,0.69,1270,0.67303,
1270,0.8,0.78,1270,0.766292,
1270,0.9,0.89,1270,0.870694,
1270,1,0.99,1270,0.972465,
1270,1.1,1.09,1270,1.07204,
1270,1.2,1.19,1270,1.16964,
1270,1.3,1.28,1270,1.26446,
1270,1.4,1.39,1270,1.36943,
1270,1.5,1.49,1270,1.47143,
1270,1.6,1.59,1270,1.57178,
1270,1.7,1.69,1270,1.66936,
1270,1.8,1.79,1270,1.76502,
1270,1.9,1.89,1270,1.86895,
1270,2,1.99,1270,1.96992,
1270,2.1,2.09,1270,2.06886,
1270,2.2,2.19,1270,2.16571,
1270,2.3,2.29,1270,2.26946,
1270,2.4,2.39,1270,2.3621,
1270,2.5,2.49,1270,2.46186,
1270,2.6,2.59,1270,2.56754,
1270,2.7,2.69,1270,2.66234,
1270,2.8,2.79,1270,2.76391,
1270,2.9,2.89,1270,2.86324,
1270,3,2.99,1270,2.96811,
1270,3.1,3.09,1270,3.06304,
1270,3.2,3.19,1270,3.16283,
1270,3.3,3.29,1270,3.26818,
1270,3.4,3.39,1270,3.36405,
1270,3.5,3.49,1270,3.46461,
1270,3.6,3.59,1270,3.56272,
1270,3.7,3.69,1270,3.66538,
1270,3.8,3.79,1270,3.76644,
1270,3.9,3.89,1270,3.86475,
1270,4,3.99,1270,3.96736,
1270,4.1,4.09,1270,4.0672,
1270,4.2,4.19,1270,4.16507,
1270,4.3,4.29,1270,4.26688,
1270,4.4,4.39,1270,4.36573,
1270,4.5,4.49,1270,4.46301,
1270,4.6,4.59,1270,4.56369,
1270,4.7,4.69,1270,4.66731,
1270,4.8,4.79,1270,4.76313,
1270,4.9,4.89,1270,4.86751,
1270,5,4.99,1270,4.96423,
1270,5.1,5.09,1270,5.06366,
1270,5.2,5.19,1270,5.16565,
1270,5.3,5.29,1270,5.26558,
1270,5.4,5.4,1270,5.36777,
1270,5.5,5.49,1270,5.46753,
1270,5.6,5.59,1270,5.56532,
1270,5.7,5.69,1270,5.66465,
1270,5.8,5.79,1270,5.76658,
1270,5.9,5.89,1270,5.86611,
1270,6,5.99,1270,5.96712,
1270,6.1,6.09,1270,6.06608,
1270,6.2,6.19,1270,6.16668,
1270,6.3,6.29,1270,6.26868,
1270,6.4,6.39,1270,6.36823,
1270,6.5,6.49,1270,6.46562,
1270,6.6,6.59,1270,6.568,
1270,6.7,6.69,1270,6.66775,
1270,6.8,6.79,1270,6.76894,
1270,6.9,6.89,1270,6.86759,
1270,7,6.99,1270,6.96742,
1275,-6.9,-6.92,1275,-6.83762,
1275,-6.8,-6.84,1275,-6.78172,
1275,-6.7,-6.77,1275,-6.71046,
1275,-6.6,-6.62,1275,-6.5677,
1275,-6.5,-6.56,1275,-6.49518,
1275,-6.4,-6.42,1275,-6.35785,
1275,-6.3,-6.35,1275,-6.29493,
1275,-6.2,-6.28,1275,-6.22583,
1275,-6.1,-6.15,1275,-6.09528,
1275,-6,-6.02,1275,-5.96943,
1275,-5.9,-5.96,1275,-5.90866,
1275,-5.8,-5.83,1275,-5.79046,
1275,-5.7,-5.77,1275,-5.72924,
1275,-5.6,-5.66,1275,-5.61281,
1275,-5.5,-5.54,1275,-5.49988,
1275,-5.4,-5.41,1275,-5.38985,
1275,-5.3,-5.32,1275,-5.28403,
1275,-5.2,-5.26,1275,-5.23199,
1275,-5.1,-5.16,1275,-5.12892,
1275,-5,-5.06,1275,-5.02706,
1275,-4.9,-4.96,1275,-4.93073,
1275,-4.8,-4.86,1275,-4.83293,
1275,-4.7,-4.71,1275,-4.69115,
1275,-4.6,-4.61,1275,-4.60006,
1275,-4.5,-4.53,1275,-4.51137,
1275,-4.4,-4.44,1275,-4.42311,
1275,-4.3,-4.34,1275,-4.33677,
1275,-4.2,-4.22,1275,-4.21345,
1275,-4.1,-4.14,1275,-4.1302,
1275,-4,-4.01,1275,-4.00934,
1275,-3.9,-3.94,1275,-3.93097,
1275,-3.8,-3.82,1275,-3.81835,
1275,-3.7,-3.75,1275,-3.74361,
1275,-3.6,-3.63,1275,-3.63247,
1275,-3.5,-3.53,1275,-3.52677,
1275,-3.4,-3.42,1275,-3.42159,
1275,-3.3,-3.32,1275,-3.32188,
1275,-3.2,-3.21,1275,-3.2199,
1275,-3.1,-3.12,1275,-3.12219,
1275,-3,-3.02,1275,-3.02666,
1275,-2.9,-2.92,1275,-2.93371,
1275,-2.8,-2.83,1275,-2.84111,
1275,-2.7,-2.71,1275,-2.72236,
1275,-2.6,-2.62,1275,-2.63543,
1275,-2.5,-2.51,1275,-2.52263,
1275,-2.4,-2.42,1275,-2.43873,
1275,-2.3,-2.31,1275,-2.33046,
1275,-2.2,-2.24,1275,-2.25097,
1275,-2.1,-2.13,1275,-2.14732,
1275,-2,-2.03,1275,-2.04526,
1275,-1.9,-1.93,1275,-1.94712,
1275,-1.8,-1.83,1275,-1.84955,
1275,-1.7,-1.71,1275,-1.73111,
1275,-1.6,-1.62,1275,-1.63838,
1275,-1.5,-1.52,1275,-1.54836,
1275,-1.4,-1.41,1275,-1.43748,
1275,-1.3,-1.33,1275,-1.35128,
1275,-1.2,-1.22,1275,-1.24479,
1275,-1.1,-1.11,1275,-1.14257,
1275,-1,-1.02,1275,-1.04166,
1275,-0.9,-0.92,1275,-0.943208,
1275,-0.8,-0.82,1275,-0.846713,
1275,-0.7,-0.72,1275,-0.75336,
1275,-0.6,-0.62,1275,-0.642204,
1275,-0.5,-0.52,1275,-0.552603,
1275,-0.4,-0.41,1275,-0.447408,
1275,-0.3,-0.31,1275,-0.344147,
1275,-0.2,-0.21,1275,-0.243194,
1275,-0.1,-0.11,1275,-0.14454,
1275,-8.13238e-15,-0.11,1275,-0.144636,
1275,0.1,0.08,1275,0.0460379,
1275,0.2,0.19,1275,0.152893,
1275,0.3,0.29,1275,0.25805,
1275,0.4,0.38,1275,0.345763,
1275,0.5,0.48,1275,0.445586,
1275,0.6,0.58,1275,0.543495,
1275,0.7,0.69,1275,0.652798,
1275,0.8,0.78,1275,0.745912,
1275,0.9,0.89,1275,0.850468,
1275,1,0.99,1275,0.952384,
1275,1.1,1.09,1275,1.05192,
1275,1.2,1.19,1275,1.14955,
1275,1.3,1.28,1275,1.24449,
1275,1.4,1.39,1275,1.34953,
1275,1.5,1.49,1275,1.45149,
1275,1.6,1.6,1275,1.55189,
1275,1.7,1.69,1275,1.64941,
1275,1.8,1.79,1275,1.7451,
1275,1.9,1.89,1275,1.84917,
1275,2,1.99,1275,1.95005,
1275,2.1,2.09,1275,2.04904,
1275,2.2,2.19,1275,2.14604,
1275,2.3,2.3,1275,2.24971,
1275,2.4,2.39,1275,2.34232,
1275,2.5,2.49,1275,2.44204,
1275,2.6,2.59,1275,2.54774,
1275,2.7,2.69,1275,2.6426,
1275,2.8,2.79,1275,2.74423,
1275,2.9,2.89,1275,2.84353,
1275,3,3,1275,2.94861,
1275,3.1,3.09,1275,3.04349,
1275,3.2,3.19,1275,3.14333,
1275,3.3,3.29,1275,3.24867,
1275,3.4,3.39,1275,3.34443,
1275,3.5,3.49,1275,3.4452,
1275,3.6,3.59,1275,3.54332,
1275,3.7,3.69,1275,3.64587,
1275,3.8,3.79,1275,3.74705,
1275,3.9,3.89,1275,3.8454,
1275,4,3.99,1275,3.94796,
1275,4.1,4.09,1275,4.04789,
1275,4.2,4.19,1275,4.146,
1275,4.3,4.29,1275,4.24771,
1275,4.4,4.39,1275,4.3465,
1275,4.5,4.49,1275,4.44378,
1275,4.6,4.59,1275,4.54445,
1275,4.7,4.7,1275,4.64815,
1275,4.8,4.79,1275,4.74385,
1275,4.9,4.89,1275,4.8484,
1275,5,4.99,1275,4.94508,
1275,5.1,5.09,1275,5.04459,
1275,5.2,5.19,1275,5.14656,
1275,5.3,5.29,1275,5.24657,
1275,5.4,5.4,1275,5.34878,
1275,5.5,5.49,1275,5.4483,
1275,5.6,5.59,1275,5.54615,
1275,5.7,5.69,1275,5.64568,
1275,5.8,5.8,1275,5.74764,
1275,5.9,5.89,1275,5.84709,
1275,6,6,1275,5.94823,
1275,6.1,6.09,1275,6.04725,
1275,6.2,6.19,1275,6.14762,
1275,6.3,6.29,1275,6.24978,
1275,6.4,6.39,1275,6.34934,
1275,6.5,6.49,1275,6.44691,
1275,6.6,6.6,1275,6.54918,
1275,6.7,6.69,1275,6.64902,
1275,6.8,6.79,1275,6.74998,
1275,6.9,6.89,1275,6.84888,
1275,7,6.99,1275,6.94877,
1280,-6.9,-6.92,1280,-6.85803,
1280,-6.8,-6.84,1280,-6.80524,
1280,-6.7,-6.78,1280,-6.73312,
1280,-6.6,-6.64,1280,-6.58991,
1280,-6.5,-6.56,1280,-6.51763,
1280,-6.4,-6.42,1280,-6.38082,
1280,-6.3,-6.35,1280,-6.31731,
1280,-6.2,-6.27,1280,-6.248,
1280,-6.1,-6.15,1280,-6.11712,
1280,-6,-6.01,1280,-5.99096,
1280,-5.9,-5.94,1280,-5.92995,
1280,-5.8,-5.83,1280,-5.81178,
1280,-5.7,-5.77,1280,-5.7504,
1280,-5.6,-5.64,1280,-5.63393,
1280,-5.5,-5.54,1280,-5.52094,
1280,-5.4,-5.43,1280,-5.41099,
1280,-5.3,-5.3,1280,-5.30511,
1280,-5.2,-5.26,1280,-5.2529,
1280,-5.1,-5.15,1280,-5.14998,
1280,-5,-5.06,1280,-5.04819,
1280,-4.9,-4.96,1280,-4.95166,
1280,-4.8,-4.86,1280,-4.85388,
1280,-4.7,-4.71,1280,-4.71209,
1280,-4.6,-4.61,1280,-4.62049,
1280,-4.5,-4.53,1280,-4.53187,
1280,-4.4,-4.44,1280,-4.44354,
1280,-4.3,-4.36,1280,-4.35731,
1280,-4.2,-4.22,1280,-4.23367,
1280,-4.1,-4.14,1280,-4.15076,
1280,-4,-4.01,1280,-4.02954,
1280,-3.9,-3.94,1280,-3.95115,
1280,-3.8,-3.82,1280,-3.83849,
1280,-3.7,-3.75,1280,-3.76406,
1280,-3.6,-3.63,1280,-3.65251,
1280,-3.5,-3.53,1280,-3.54675,
1280,-3.4,-3.42,1280,-3.44148,
1280,-3.3,-3.31,1280,-3.34189,
1280,-3.2,-3.21,1280,-3.23992,
1280,-3.1,-3.12,1280,-3.14235,
1280,-3,-3.01,1280,-3.04674,
1280,-2.9,-2.92,1280,-2.95374,
1280,-2.8,-2.83,1280,-2.86088,
1280,-2.7,-2.71,1280,-2.74225,
1280,-2.6,-2.62,1280,-2.65531,
1280,-2.5,-2.51,1280,-2.54232,
1280,-2.4,-2.42,1280,-2.45804,
1280,-2.3,-2.31,1280,-2.34997,
1280,-2.2,-2.24,1280,-2.27059,
1280,-2.1,-2.13,1280,-2.16694,
1280,-2,-2.03,1280,-2.06475,
1280,-1.9,-1.93,1280,-1.96646,
1280,-1.8,-1.83,1280,-1.86883,
1280,-1.7,-1.71,1280,-1.75027,
1280,-1.6,-1.62,1280,-1.65748,
1280,-1.5,-1.52,1280,-1.56745,
1280,-1.4,-1.41,1280,-1.4566,
1280,-1.3,-1.33,1280,-1.37035,
1280,-1.2,-1.22,1280,-1.26386,
1280,-1.1,-1.11,1280,-1.16152,
1280,-1,-1.01,1280,-1.06043,
1280,-0.9,-0.91,1280,-0.962076,
1280,-0.8,-0.82,1280,-0.865606,
1280,-0.7,-0.72,1280,-0.772161,
1280,-0.6,-0.61,1280,-0.660975,
1280,-0.5,-0.52,1280,-0.571266,
1280,-0.4,-0.41,1280,-0.466175,
1280,-0.3,-0.31,1280,-0.36302,
1280,-0.2,-0.21,1280,-0.261763,
1280,-0.1,-0.11,1280,-0.163299,
1280,-8.13238e-15,-0.11,1280,-0.163122,
1280,0.1,0.08,1280,0.0273869,
1280,0.2,0.19,1280,0.134347,
1280,0.3,0.29,1280,0.239427,
1280,0.4,0.38,1280,0.327207,
1280,0.5,0.48,1280,0.427066,
1280,0.6,0.58,1280,0.525054,
1280,0.7,0.69,1280,0.634437,
1280,0.8,0.78,1280,0.727611,
1280,0.9,0.89,1280,0.832105,
1280,1,0.99,1280,0.934063,
1280,1.1,1.09,1280,1.03363,
1280,1.2,1.19,1280,1.13119,
1280,1.3,1.28,1280,1.2262,
1280,1.4,1.39,1280,1.33123,
1280,1.5,1.49,1280,1.43318,
1280,1.6,1.6,1280,1.53353,
1280,1.7,1.69,1280,1.63104,
1280,1.8,1.79,1280,1.72693,
1280,1.9,1.89,1280,1.83096,
1280,2,1.99,1280,1.93185,
1280,2.1,2.09,1280,2.03085,
1280,2.2,2.19,1280,2.12779,
1280,2.3,2.29,1280,2.23148,
1280,2.4,2.39,1280,2.32421,
1280,2.5,2.49,1280,2.42407,
1280,2.6,2.59,1280,2.5298,
1280,2.7,2.69,1280,2.62458,
1280,2.8,2.79,1280,2.72629,
1280,2.9,2.89,1280,2.82562,
1280,3,3,1280,2.93063,
1280,3.1,3.09,1280,3.02535,
1280,3.2,3.19,1280,3.12519,
1280,3.3,3.29,1280,3.23057,
1280,3.4,3.39,1280,3.32652,
1280,3.5,3.49,1280,3.42704,
1280,3.6,3.59,1280,3.52527,
1280,3.7,3.69,1280,3.62781,
1280,3.8,3.79,1280,3.72904,
1280,3.9,3.89,1280,3.82737,
1280,4,3.99,1280,3.93002,
1280,4.1,4.09,1280,4.02988,
1280,4.2,4.19,1280,4.12796,
1280,4.3,4.29,1280,4.22961,
1280,4.4,4.39,1280,4.32851,
1280,4.5,4.49,1280,4.42588,
1280,4.6,4.59,1280,4.52668,
1280,4.7,4.7,1280,4.63037,
1280,4.8,4.79,1280,4.72596,
1280,4.9,4.89,1280,4.83031,
1280,5,4.99,1280,4.92725,
1280,5.1,5.09,1280,5.02672,
1280,5.2,5.19,1280,5.12862,
1280,5.3,5.29,1280,5.22871,
1280,5.4,5.4,1280,5.3308,
1280,5.5,5.49,1280,5.43053,
1280,5.6,5.59,1280,5.52841,
1280,5.7,5.69,1280,5.62801,
1280,5.8,5.79,1280,5.72987,
1280,5.9,5.89,1280,5.82931,
1280,6,5.99,1280,5.93054,
1280,6.1,6.09,1280,6.02938,
1280,6.2,6.19,1280,6.13008,
1280,6.3,6.3,1280,6.23202,
1280,6.4,6.4,1280,6.33147,
1280,6.5,6.49,1280,6.42916,
1280,6.6,6.59,1280,6.53126,
1280,6.7,6.69,1280,6.6312,
1280,6.8,6.79,1280,6.73221,
1280,6.9,6.89,1280,6.83117,
1280,7,6.99,1280,6.93092,
1285,-6.9,-6.94,1285,-6.85103,
1285,-6.8,-6.84,1285,-6.79015,
1285,-6.7,-6.77,1285,-6.71789,
1285,-6.6,-6.64,1285,-6.57459,
1285,-6.5,-6.55,1285,-6.50202,
1285,-6.4,-6.42,1285,-6.36505,
1285,-6.3,-6.33,1285,-6.30194,
1285,-6.2,-6.28,1285,-6.23275,
1285,-6.1,-6.15,1285,-6.10209,
1285,-6,-6.01,1285,-5.97593,
1285,-5.9,-5.96,1285,-5.9156,
1285,-5.8,-5.82,1285,-5.79699,
1285,-5.7,-5.77,1285,-5.73564,
1285,-5.6,-5.66,1285,-5.61915,
1285,-5.5,-5.54,1285,-5.506,
1285,-5.4,-5.43,1285,-5.39603,
1285,-5.3,-5.3,1285,-5.29035,
1285,-5.2,-5.25,1285,-5.23797,
1285,-5.1,-5.16,1285,-5.135,
1285,-5,-5.04,1285,-5.03311,
1285,-4.9,-4.96,1285,-4.93675,
1285,-4.8,-4.86,1285,-4.83927,
1285,-4.7,-4.71,1285,-4.69721,
1285,-4.6,-4.61,1285,-4.60597,
1285,-4.5,-4.53,1285,-4.51729,
1285,-4.4,-4.43,1285,-4.42895,
1285,-4.3,-4.34,1285,-4.3427,
1285,-4.2,-4.21,1285,-4.21914,
1285,-4.1,-4.14,1285,-4.13598,
1285,-4,-4.01,1285,-4.01502,
1285,-3.9,-3.94,1285,-3.93668,
1285,-3.8,-3.82,1285,-3.82392,
1285,-3.7,-3.75,1285,-3.74947,
1285,-3.6,-3.63,1285,-3.63829,
1285,-3.5,-3.53,1285,-3.53263,
1285,-3.4,-3.42,1285,-3.42737,
1285,-3.3,-3.32,1285,-3.32768,
1285,-3.2,-3.21,1285,-3.22567,
1285,-3.1,-3.12,1285,-3.12822,
1285,-3,-3.02,1285,-3.03258,
1285,-2.9,-2.92,1285,-2.93959,
1285,-2.8,-2.83,1285,-2.84697,
1285,-2.7,-2.7,1285,-2.72823,
1285,-2.6,-2.62,1285,-2.64121,
1285,-2.5,-2.51,1285,-2.52817,
1285,-2.4,-2.42,1285,-2.44442,
1285,-2.3,-2.31,1285,-2.33623,
1285,-2.2,-2.23,1285,-2.25687,
1285,-2.1,-2.13,1285,-2.15312,
1285,-2,-2.02,1285,-2.05098,
1285,-1.9,-1.93,1285,-1.95254,
1285,-1.8,-1.83,1285,-1.85502,
1285,-1.7,-1.71,1285,-1.73652,
1285,-1.6,-1.62,1285,-1.64397,
1285,-1.5,-1.52,1285,-1.55377,
1285,-1.4,-1.41,1285,-1.44299,
1285,-1.3,-1.33,1285,-1.35666,
1285,-1.2,-1.22,1285,-1.25034,
1285,-1.1,-1.11,1285,-1.14803,
1285,-1,-1.01,1285,-1.04703,
1285,-0.9,-0.91,1285,-0.948554,
1285,-0.8,-0.82,1285,-0.851947,
1285,-0.7,-0.73,1285,-0.758555,
1285,-0.6,-0.61,1285,-0.647502,
1285,-0.5,-0.52,1285,-0.557845,
1285,-0.4,-0.42,1285,-0.452778,
1285,-0.3,-0.31,1285,-0.349619,
1285,-0.2,-0.21,1285,-0.248705,
1285,-0.1,-0.11,1285,-0.150075,
1285,-8.13238e-15,-0.11,1285,-0.150233,
1285,0.1,0.08,1285,0.0405513,
1285,0.2,0.19,1285,0.147443,
1285,0.3,0.29,1285,0.252624,
1285,0.4,0.38,1285,0.340346,
1285,0.5,0.48,1285,0.440107,
1285,0.6,0.59,1285,0.538115,
1285,0.7,0.69,1285,0.647544,
1285,0.8,0.79,1285,0.740642,
1285,0.9,0.89,1285,0.845098,
1285,1,0.99,1285,0.947135,
1285,1.1,1.09,1285,1.04676,
1285,1.2,1.19,1285,1.14415,
1285,1.3,1.28,1285,1.23926,
1285,1.4,1.39,1285,1.34436,
1285,1.5,1.49,1285,1.44628,
1285,1.6,1.6,1285,1.54662,
1285,1.7,1.69,1285,1.64411,
1285,1.8,1.79,1285,1.73986,
1285,1.9,1.89,1285,1.84383,
1285,2,1.99,1285,1.94483,
1285,2.1,2.09,1285,2.04393,
1285,2.2,2.19,1285,2.14094,
1285,2.3,2.3,1285,2.24456,
1285,2.4,2.39,1285,2.33707,
1285,2.5,2.49,1285,2.43691,
1285,2.6,2.59,1285,2.54265,
1285,2.7,2.69,1285,2.6374,
1285,2.8,2.79,1285,2.73919,
1285,2.9,2.89,1285,2.83856,
1285,3,2.99,1285,2.94358,
1285,3.1,3.09,1285,3.03838,
1285,3.2,3.19,1285,3.13816,
1285,3.3,3.29,1285,3.24356,
1285,3.4,3.39,1285,3.33943,
1285,3.5,3.49,1285,3.44001,
1285,3.6,3.59,1285,3.53819,
1285,3.7,3.69,1285,3.64084,
1285,3.8,3.79,1285,3.74208,
1285,3.9,3.89,1285,3.84026,
1285,4,3.99,1285,3.94287,
1285,4.1,4.09,1285,4.04286,
1285,4.2,4.19,1285,4.14085,
1285,4.3,4.3,1285,4.2425,
1285,4.4,4.39,1285,4.34128,
1285,4.5,4.49,1285,4.43864,
1285,4.6,4.59,1285,4.53955,
1285,4.7,4.69,1285,4.64311,
1285,4.8,4.79,1285,4.7389,
1285,4.9,4.89,1285,4.84325,
1285,5,4.99,1285,4.94,
1285,5.1,5.09,1285,5.03951,
1285,5.2,5.19,1285,5.14154,
1285,5.3,5.29,1285,5.24165,
1285,5.4,5.4,1285,5.34365,
1285,5.5,5.49,1285,5.44346,
1285,5.6,5.59,1285,5.54128,
1285,5.7,5.69,1285,5.64071,
1285,5.8,5.79,1285,5.74269,
1285,5.9,5.89,1285,5.84223,
1285,6,5.99,1285,5.94344,
1285,6.1,6.09,1285,6.04219,
1285,6.2,6.19,1285,6.14261,
1285,6.3,6.3,1285,6.2449,
1285,6.4,6.39,1285,6.3444,
1285,6.5,6.49,1285,6.44202,
1285,6.6,6.59,1285,6.54415,
1285,6.7,6.69,1285,6.64407,
1285,6.8,6.79,1285,6.74538,
1285,6.9,6.89,1285,6.84394,
1285,7,6.99,1285,6.94369,
1290,-6.9,-6.92,1290,-6.84651,
1290,-6.8,-6.86,1290,-6.78855,
1290,-6.7,-6.78,1290,-6.71567,
1290,-6.6,-6.64,1290,-6.5718,
1290,-6.5,-6.55,1290,-6.49914,
1290,-6.4,-6.42,1290,-6.36181,
1290,-6.3,-6.35,1290,-6.29849,
1290,-6.2,-6.28,1290,-6.22862,
1290,-6.1,-6.15,1290,-6.0975,
1290,-6,-6.02,1290,-5.97109,
1290,-5.9,-5.96,1290,-5.90984,
1290,-5.8,-5.83,1290,-5.79151,
1290,-5.7,-5.76,1290,-5.72985,
1290,-5.6,-5.66,1290,-5.61332,
1290,-5.5,-5.53,1290,-5.49992,
1290,-5.4,-5.43,1290,-5.38955,
1290,-5.3,-5.32,1290,-5.28393,
1290,-5.2,-5.26,1290,-5.23147,
1290,-5.1,-5.16,1290,-5.12842,
1290,-5,-5.04,1290,-5.02636,
1290,-4.9,-4.96,1290,-4.9296,
1290,-4.8,-4.86,1290,-4.83196,
1290,-4.7,-4.71,1290,-4.68985,
1290,-4.6,-4.62,1290,-4.59875,
1290,-4.5,-4.53,1290,-4.50962,
1290,-4.4,-4.43,1290,-4.42083,
1290,-4.3,-4.35,1290,-4.33453,
1290,-4.2,-4.22,1290,-4.21077,
1290,-4.1,-4.14,1290,-4.1277,
1290,-4,-4.02,1290,-4.0064,
1290,-3.9,-3.94,1290,-3.92808,
1290,-3.8,-3.82,1290,-3.81509,
1290,-3.7,-3.75,1290,-3.7404,
1290,-3.6,-3.63,1290,-3.62916,
1290,-3.5,-3.53,1290,-3.52317,
1290,-3.4,-3.42,1290,-3.4179,
1290,-3.3,-3.32,1290,-3.31824,
1290,-3.2,-3.21,1290,-3.21587,
1290,-3.1,-3.12,1290,-3.11841,
1290,-3,-3.02,1290,-3.02247,
1290,-2.9,-2.92,1290,-2.92951,
1290,-2.8,-2.83,1290,-2.83676,
1290,-2.7,-2.71,1290,-2.7179,
1290,-2.6,-2.62,1290,-2.63103,
1290,-2.5,-2.51,1290,-2.51777,
1290,-2.4,-2.42,1290,-2.43365,
1290,-2.3,-2.31,1290,-2.3253,
1290,-2.2,-2.23,1290,-2.24576,
1290,-2.1,-2.13,1290,-2.14203,
1290,-2,-2.03,1290,-2.03989,
1290,-1.9,-1.93,1290,-1.94139,
1290,-1.8,-1.83,1290,-1.84385,
1290,-1.7,-1.71,1290,-1.72517,
1290,-1.6,-1.62,1290,-1.63252,
1290,-1.5,-1.52,1290,-1.54236,
1290,-1.4,-1.41,1290,-1.43134,
1290,-1.3,-1.33,1290,-1.34491,
1290,-1.2,-1.22,1290,-1.23829,
1290,-1.1,-1.11,1290,-1.13599,
1290,-1,-1.01,1290,-1.0349,
1290,-0.9,-0.91,1290,-0.936388,
1290,-0.8,-0.82,1290,-0.839931,
1290,-0.7,-0.72,1290,-0.746455,
1290,-0.6,-0.61,1290,-0.635252,
1290,-0.5,-0.52,1290,-0.545492,
1290,-0.4,-0.41,1290,-0.440358,
1290,-0.3,-0.31,1290,-0.337066,
1290,-0.2,-0.21,1290,-0.235992,
1290,-0.1,-0.11,1290,-0.137257,
1290,-8.13238e-15,-0.11,1290,-0.137313,
1290,0.1,0.08,1290,0.0533798,
1290,0.2,0.19,1290,0.160358,
1290,0.3,0.29,1290,0.265627,
1290,0.4,0.38,1290,0.353453,
1290,0.5,0.48,1290,0.453179,
1290,0.6,0.58,1290,0.551409,
1290,0.7,0.69,1290,0.660727,
1290,0.8,0.79,1290,0.754046,
1290,0.9,0.89,1290,0.858508,
1290,1,0.99,1290,0.960517,
1290,1.1,1.09,1290,1.06009,
1290,1.2,1.19,1290,1.15763,
1290,1.3,1.28,1290,1.25274,
1290,1.4,1.39,1290,1.35778,
1290,1.5,1.49,1290,1.45988,
1290,1.6,1.6,1290,1.56031,
1290,1.7,1.69,1290,1.65794,
1290,1.8,1.79,1290,1.75363,
1290,1.9,1.89,1290,1.85773,
1290,2,1.99,1290,1.95865,
1290,2.1,2.09,1290,2.05766,
1290,2.2,2.19,1290,2.1547,
1290,2.3,2.29,1290,2.25848,
1290,2.4,2.39,1290,2.35119,
1290,2.5,2.49,1290,2.45076,
1290,2.6,2.59,1290,2.5566,
1290,2.7,2.69,1290,2.65153,
1290,2.8,2.79,1290,2.75324,
1290,2.9,2.89,1290,2.85253,
1290,3,3,1290,2.95772,
1290,3.1,3.09,1290,3.05261,
1290,3.2,3.19,1290,3.15237,
1290,3.3,3.3,1290,3.25774,
1290,3.4,3.39,1290,3.35369,
1290,3.5,3.49,1290,3.45441,
1290,3.6,3.59,1290,3.55262,
1290,3.7,3.69,1290,3.65515,
1290,3.8,3.79,1290,3.75643,
1290,3.9,3.89,1290,3.85472,
1290,4,4,1290,3.95729,
1290,4.1,4.09,1290,4.05725,
1290,4.2,4.19,1290,4.15531,
1290,4.3,4.29,1290,4.25696,
1290,4.4,4.39,1290,4.35594,
1290,4.5,4.49,1290,4.45325,
1290,4.6,4.59,1290,4.55401,
1290,4.7,4.69,1290,4.65764,
1290,4.8,4.79,1290,4.75359,
1290,4.9,4.9,1290,4.85798,
1290,5,4.99,1290,4.95478,
1290,5.1,5.09,1290,5.05439,
1290,5.2,5.19,1290,5.15615,
1290,5.3,5.29,1290,5.25629,
1290,5.4,5.4,1290,5.35834,
1290,5.5,5.49,1290,5.45827,
1290,5.6,5.59,1290,5.55614,
1290,5.7,5.69,1290,5.65555,
1290,5.8,5.79,1290,5.7575,
1290,5.9,5.89,1290,5.85703,
1290,6,5.99,1290,5.95833,
1290,6.1,6.09,1290,6.05702,
1290,6.2,6.19,1290,6.15768,
1290,6.3,6.3,1290,6.25988,
1290,6.4,6.4,1290,6.35938,
1290,6.5,6.49,1290,6.45693,
1290,6.6,6.59,1290,6.55916,
1290,6.7,6.69,1290,6.65904,
1290,6.8,6.8,1290,6.76034,
1290,6.9,6.89,1290,6.85902,
1290,7,6.99,1290,6.95897,
1295,-6.9,-6.92,1295,-6.83209,
1295,-6.8,-6.86,1295,-6.76976,
1295,-6.7,-6.78,1295,-6.69756,
1295,-6.6,-6.64,1295,-6.55377,
1295,-6.5,-6.56,1295,-6.48172,
1295,-6.4,-6.42,1295,-6.34491,
1295,-6.3,-6.35,1295,-6.28125,
1295,-6.2,-6.28,1295,-6.21253,
1295,-6.1,-6.13,1295,-6.08158,
1295,-6,-6.01,1295,-5.95507,
1295,-5.9,-5.96,1295,-5.8938,
1295,-5.8,-5.83,1295,-5.77583,
1295,-5.7,-5.77,1295,-5.71462,
1295,-5.6,-5.66,1295,-5.59815,
1295,-5.5,-5.54,1295,-5.48503,
1295,-5.4,-5.43,1295,-5.37491,
1295,-5.3,-5.32,1295,-5.26946,
1295,-5.2,-5.26,1295,-5.21727,
1295,-5.1,-5.15,1295,-5.1141,
1295,-5,-5.06,1295,-5.01202,
1295,-4.9,-4.96,1295,-4.91557,
1295,-4.8,-4.86,1295,-4.81819,
1295,-4.7,-4.71,1295,-4.67589,
1295,-4.6,-4.62,1295,-4.58475,
1295,-4.5,-4.52,1295,-4.49578,
1295,-4.4,-4.44,1295,-4.40736,
1295,-4.3,-4.35,1295,-4.32131,
1295,-4.2,-4.22,1295,-4.19765,
1295,-4.1,-4.14,1295,-4.11479,
1295,-4,-4.02,1295,-3.99357,
1295,-3.9,-3.94,1295,-3.91523,
1295,-3.8,-3.82,1295,-3.80259,
1295,-3.7,-3.75,1295,-3.72802,
1295,-3.6,-3.63,1295,-3.61665,
1295,-3.5,-3.53,1295,-3.51119,
1295,-3.4,-3.42,1295,-3.40585,
1295,-3.3,-3.32,1295,-3.30596,
1295,-3.2,-3.21,1295,-3.204,
1295,-3.1,-3.12,1295,-3.10652,
1295,-3,-3.02,1295,-3.01063,
1295,-2.9,-2.92,1295,-2.91771,
1295,-2.8,-2.83,1295,-2.82518,
1295,-2.7,-2.71,1295,-2.70633,
1295,-2.6,-2.62,1295,-2.61941,
1295,-2.5,-2.51,1295,-2.50656,
1295,-2.4,-2.42,1295,-2.42242,
1295,-2.3,-2.31,1295,-2.31419,
1295,-2.2,-2.23,1295,-2.2348,
1295,-2.1,-2.13,1295,-2.13107,
1295,-2,-2.03,1295,-2.02882,
1295,-1.9,-1.93,1295,-1.93062,
1295,-1.8,-1.83,1295,-1.83296,
1295,-1.7,-1.71,1295,-1.71442,
1295,-1.6,-1.62,1295,-1.62194,
1295,-1.5,-1.52,1295,-1.5317,
1295,-1.4,-1.41,1295,-1.42066,
1295,-1.3,-1.33,1295,-1.33453,
1295,-1.2,-1.22,1295,-1.22802,
1295,-1.1,-1.11,1295,-1.12584,
1295,-1,-1.01,1295,-1.02482,
1295,-0.9,-0.91,1295,-0.926422,
1295,-0.8,-0.82,1295,-0.829806,
1295,-0.7,-0.73,1295,-0.736343,
1295,-0.6,-0.61,1295,-0.62528,
1295,-0.5,-0.52,1295,-0.535496,
1295,-0.4,-0.42,1295,-0.430385,
1295,-0.3,-0.31,1295,-0.327292,
1295,-0.2,-0.21,1295,-0.226009,
1295,-0.1,-0.11,1295,-0.127595,
1295,-8.13238e-15,-0.11,1295,-0.127511,
1295,0.1,0.08,1295,0.063107,
1295,0.2,0.19,1295,0.170175,
1295,0.3,0.29,1295,0.27531,
1295,0.4,0.38,1295,0.363098,
1295,0.5,0.48,1295,0.46268,
1295,0.6,0.58,1295,0.560785,
1295,0.7,0.69,1295,0.670098,
1295,0.8,0.78,1295,0.763203,
1295,0.9,0.89,1295,0.867733,
1295,1,0.99,1295,0.969791,
1295,1.1,1.09,1295,1.0694,
1295,1.2,1.19,1295,1.16701,
1295,1.3,1.28,1295,1.26195,
1295,1.4,1.39,1295,1.36692,
1295,1.5,1.49,1295,1.46893,
1295,1.6,1.59,1295,1.56927,
1295,1.7,1.69,1295,1.66687,
1295,1.8,1.79,1295,1.7627,
1295,1.9,1.89,1295,1.86662,
1295,2,1.99,1295,1.96759,
1295,2.1,2.09,1295,2.06669,
1295,2.2,2.19,1295,2.16362,
1295,2.3,2.29,1295,2.26738,
1295,2.4,2.39,1295,2.36001,
1295,2.5,2.49,1295,2.45972,
1295,2.6,2.59,1295,2.5655,
1295,2.7,2.69,1295,2.66034,
1295,2.8,2.79,1295,2.7621,
1295,2.9,2.89,1295,2.86132,
1295,3,3,1295,2.96644,
1295,3.1,3.09,1295,3.06124,
1295,3.2,3.19,1295,3.16106,
1295,3.3,3.29,1295,3.26641,
1295,3.4,3.39,1295,3.3623,
1295,3.5,3.49,1295,3.46301,
1295,3.6,3.59,1295,3.56127,
1295,3.7,3.69,1295,3.66371,
1295,3.8,3.79,1295,3.76501,
1295,3.9,3.89,1295,3.86327,
1295,4,3.99,1295,3.96575,
1295,4.1,4.09,1295,4.06576,
1295,4.2,4.19,1295,4.16383,
1295,4.3,4.29,1295,4.26542,
1295,4.4,4.39,1295,4.3644,
1295,4.5,4.49,1295,4.46173,
1295,4.6,4.59,1295,4.56244,
1295,4.7,4.69,1295,4.66609,
1295,4.8,4.79,1295,4.76191,
1295,4.9,4.89,1295,4.86633,
1295,5,4.99,1295,4.96321,
1295,5.1,5.09,1295,5.06269,
1295,5.2,5.19,1295,5.16446,
1295,5.3,5.29,1295,5.26466,
1295,5.4,5.39,1295,5.36664,
1295,5.5,5.49,1295,5.46666,
1295,5.6,5.59,1295,5.56432,
1295,5.7,5.69,1295,5.66397,
1295,5.8,5.79,1295,5.76603,
1295,5.9,5.89,1295,5.86522,
1295,6,5.99,1295,5.96664,
1295,6.1,6.09,1295,6.06536,
1295,6.2,6.19,1295,6.16593,
1295,6.3,6.29,1295,6.26807,
1295,6.4,6.39,1295,6.36765,
1295,6.5,6.49,1295,6.46516,
1295,6.6,6.59,1295,6.56754,
1295,6.7,6.69,1295,6.6674,
1295,6.8,6.79,1295,6.76863,
1295,6.9,6.89,1295,6.86735,
1295,7,6.99,1295,6.96719,
1300,-6.9,-6.92,1300,-6.83897,
1300,-6.8,-6.84,1300,-6.7808,
1300,-6.7,-6.78,1300,-6.70808,
1300,-6.6,-6.62,1300,-6.56408,
1300,-6.5,-6.56,1300,-6.49099,
1300,-6.4,-6.42,1300,-6.35397,
1300,-6.3,-6.35,1300,-6.29,
1300,-6.2,-6.28,1300,-6.22042,
1300,-6.1,-6.15,1300,-6.08924,
1300,-6,-6.02,1300,-5.96249,
1300,-5.9,-5.96,1300,-5.90178,
1300,-5.8,-5.82,1300,-5.78269,
1300,-5.7,-5.76,1300,-5.72137,
1300,-5.6,-5.64,1300,-5.60425,
1300,-5.5,-5.54,1300,-5.49095,
1300,-5.4,-5.43,1300,-5.38096,
1300,-5.3,-5.32,1300,-5.27479,
1300,-5.2,-5.25,1300,-5.22281,
1300,-5.1,-5.16,1300,-5.11944,
1300,-5,-5.06,1300,-5.01711,
1300,-4.9,-4.96,1300,-4.92025,
1300,-4.8,-4.86,1300,-4.82267,
1300,-4.7,-4.7,1300,-4.68048,
1300,-4.6,-4.61,1300,-4.58888,
1300,-4.5,-4.53,1300,-4.50023,
1300,-4.4,-4.44,1300,-4.4117,
1300,-4.3,-4.35,1300,-4.32545,
1300,-4.2,-4.22,1300,-4.20146,
1300,-4.1,-4.14,1300,-4.11827,
1300,-4,-4.02,1300,-3.99683,
1300,-3.9,-3.94,1300,-3.91831,
1300,-3.8,-3.82,1300,-3.8055,
1300,-3.7,-3.75,1300,-3.73058,
1300,-3.6,-3.63,1300,-3.61925,
1300,-3.5,-3.53,1300,-3.51354,
1300,-3.4,-3.42,1300,-3.40803,
1300,-3.3,-3.32,1300,-3.30812,
1300,-3.2,-3.21,1300,-3.20591,
1300,-3.1,-3.12,1300,-3.10825,
1300,-3,-3.02,1300,-3.0124,
1300,-2.9,-2.92,1300,-2.91931,
1300,-2.8,-2.83,1300,-2.82667,
1300,-2.7,-2.71,1300,-2.70764,
1300,-2.6,-2.62,1300,-2.62059,
1300,-2.5,-2.51,1300,-2.50763,
1300,-2.4,-2.42,1300,-2.42349,
1300,-2.3,-2.31,1300,-2.31502,
1300,-2.2,-2.23,1300,-2.2358,
1300,-2.1,-2.13,1300,-2.13206,
1300,-2,-2.03,1300,-2.02951,
1300,-1.9,-1.93,1300,-1.93124,
1300,-1.8,-1.83,1300,-1.83347,
1300,-1.7,-1.71,1300,-1.71488,
1300,-1.6,-1.62,1300,-1.62212,
1300,-1.5,-1.52,1300,-1.53196,
1300,-1.4,-1.41,1300,-1.42094,
1300,-1.3,-1.33,1300,-1.33461,
1300,-1.2,-1.21,1300,-1.22806,
1300,-1.1,-1.11,1300,-1.12563,
1300,-1,-1.01,1300,-1.02454,
1300,-0.9,-0.91,1300,-0.926012,
1300,-0.8,-0.82,1300,-0.82947,
1300,-0.7,-0.72,1300,-0.735963,
1300,-0.6,-0.62,1300,-0.624637,
1300,-0.5,-0.52,1300,-0.534924,
1300,-0.4,-0.42,1300,-0.429712,
1300,-0.3,-0.31,1300,-0.326341,
1300,-0.2,-0.2,1300,-0.22528,
1300,-0.1,-0.11,1300,-0.126725,
1300,-8.13238e-15,-0.11,1300,-0.126738,
1300,0.1,0.08,1300,0.0641213,
1300,0.2,0.19,1300,0.171047,
1300,0.3,0.29,1300,0.276354,
1300,0.4,0.38,1300,0.364221,
1300,0.5,0.48,1300,0.464007,
1300,0.6,0.58,1300,0.562071,
1300,0.7,0.69,1300,0.671512,
1300,0.8,0.79,1300,0.764853,
1300,0.9,0.89,1300,0.869379,
1300,1,0.99,1300,0.9714,
1300,1.1,1.09,1300,1.07103,
1300,1.2,1.19,1300,1.16853,
1300,1.3,1.29,1300,1.26368,
1300,1.4,1.39,1300,1.36875,
1300,1.5,1.49,1300,1.47073,
1300,1.6,1.6,1300,1.57118,
1300,1.7,1.69,1300,1.66869,
1300,1.8,1.79,1300,1.7646,
1300,1.9,1.89,1300,1.86866,
1300,2,1.99,1300,1.96967,
1300,2.1,2.09,1300,2.06872,
1300,2.2,2.19,1300,2.16572,
1300,2.3,2.29,1300,2.26952,
1300,2.4,2.39,1300,2.36218,
1300,2.5,2.49,1300,2.46206,
1300,2.6,2.59,1300,2.56782,
1300,2.7,2.69,1300,2.66274,
1300,2.8,2.79,1300,2.76452,
1300,2.9,2.89,1300,2.8641,
1300,3,2.99,1300,2.96911,
1300,3.1,3.09,1300,3.06395,
1300,3.2,3.19,1300,3.16379,
1300,3.3,3.29,1300,3.26916,
1300,3.4,3.39,1300,3.36517,
1300,3.5,3.49,1300,3.46579,
1300,3.6,3.59,1300,3.56393,
1300,3.7,3.69,1300,3.66674,
1300,3.8,3.79,1300,3.76802,
1300,3.9,3.89,1300,3.8662,
1300,4,3.99,1300,3.96894,
1300,4.1,4.1,1300,4.06885,
1300,4.2,4.19,1300,4.16683,
1300,4.3,4.29,1300,4.26858,
1300,4.4,4.39,1300,4.36764,
1300,4.5,4.49,1300,4.46486,
1300,4.6,4.59,1300,4.56556,
1300,4.7,4.69,1300,4.66931,
1300,4.8,4.79,1300,4.76515,
1300,4.9,4.89,1300,4.86964,
1300,5,4.99,1300,4.96649,
1300,5.1,5.09,1300,5.06596,
1300,5.2,5.19,1300,5.168,
1300,5.3,5.29,1300,5.26796,
1300,5.4,5.4,1300,5.37002,
1300,5.5,5.49,1300,5.46993,
1300,5.6,5.59,1300,5.56775,
1300,5.7,5.69,1300,5.66736,
1300,5.8,5.79,1300,5.76924,
1300,5.9,5.89,1300,5.86881,
1300,6,5.99,1300,5.97019,
1300,6.1,6.09,1300,6.0689,
1300,6.2,6.19,1300,6.16955,
1300,6.3,6.29,1300,6.27164,
1300,6.4,6.39,1300,6.37138,
1300,6.5,6.49,1300,6.46895,
1300,6.6,6.59,1300,6.57116,
1300,6.7,6.69,1300,6.6711,
1300,6.8,6.8,1300,6.77225,
1300,6.9,6.89,1300,6.871,
1300,7,6.99,1300,6.97081,
1305,-6.9,-6.94,1305,-6.84723,
1305,-6.8,-6.86,1305,-6.78955,
1305,-6.7,-6.78,1305,-6.7165,
1305,-6.6,-6.64,1305,-6.57205,
1305,-6.5,-6.56,1305,-6.49959,
1305,-6.4,-6.4,1305,-6.36115,
1305,-6.3,-6.37,1305,-6.29734,
1305,-6.2,-6.28,1305,-6.22798,
1305,-6.1,-6.15,1305,-6.0967,
1305,-6,-6.01,1305,-5.96991,
1305,-5.9,-5.94,1305,-5.90912,
1305,-5.8,-5.83,1305,-5.79003,
1305,-5.7,-5.77,1305,-5.72844,
1305,-5.6,-5.66,1305,-5.61152,
1305,-5.5,-5.54,1305,-5.49827,
1305,-5.4,-5.43,1305,-5.38776,
1305,-5.3,-5.32,1305,-5.28161,
1305,-5.2,-5.25,1305,-5.22952,
1305,-5.1,-5.16,1305,-5.12594,
1305,-5,-5.06,1305,-5.02348,
1305,-4.9,-4.96,1305,-4.92687,
1305,-4.8,-4.84,1305,-4.82878,
1305,-4.7,-4.71,1305,-4.68654,
1305,-4.6,-4.62,1305,-4.59504,
1305,-4.5,-4.52,1305,-4.50599,
1305,-4.4,-4.44,1305,-4.41736,
1305,-4.3,-4.35,1305,-4.33085,
1305,-4.2,-4.22,1305,-4.20694,
1305,-4.1,-4.14,1305,-4.12378,
1305,-4,-4.02,1305,-4.0023,
1305,-3.9,-3.94,1305,-3.92373,
1305,-3.8,-3.82,1305,-3.81046,
1305,-3.7,-3.75,1305,-3.7358,
1305,-3.6,-3.63,1305,-3.62429,
1305,-3.5,-3.53,1305,-3.51853,
1305,-3.4,-3.41,1305,-3.41284,
1305,-3.3,-3.32,1305,-3.31296,
1305,-3.2,-3.21,1305,-3.21057,
1305,-3.1,-3.12,1305,-3.11278,
1305,-3,-3.02,1305,-3.01685,
1305,-2.9,-2.92,1305,-2.9238,
1305,-2.8,-2.83,1305,-2.83097,
1305,-2.7,-2.71,1305,-2.71173,
1305,-2.6,-2.62,1305,-2.62463,
1305,-2.5,-2.51,1305,-2.51148,
1305,-2.4,-2.42,1305,-2.42733,
1305,-2.3,-2.31,1305,-2.31895,
1305,-2.2,-2.23,1305,-2.23939,
1305,-2.1,-2.13,1305,-2.13551,
1305,-2,-2.03,1305,-2.03307,
1305,-1.9,-1.93,1305,-1.93472,
1305,-1.8,-1.83,1305,-1.8371,
1305,-1.7,-1.71,1305,-1.71823,
1305,-1.6,-1.62,1305,-1.62555,
1305,-1.5,-1.52,1305,-1.53522,
1305,-1.4,-1.41,1305,-1.42425,
1305,-1.3,-1.33,1305,-1.33785,
1305,-1.2,-1.22,1305,-1.23108,
1305,-1.1,-1.11,1305,-1.12877,
1305,-1,-1.01,1305,-1.02764,
1305,-0.9,-0.91,1305,-0.929076,
1305,-0.8,-0.82,1305,-0.832439,
1305,-0.7,-0.72,1305,-0.738849,
1305,-0.6,-0.61,1305,-0.627418,
1305,-0.5,-0.52,1305,-0.537776,
1305,-0.4,-0.41,1305,-0.43253,
1305,-0.3,-0.31,1305,-0.329327,
1305,-0.2,-0.21,1305,-0.228104,
1305,-0.1,-0.11,1305,-0.12945,
1305,-8.13238e-15,-0.11,1305,-0.129464,
1305,0.1,0.08,1305,0.0614416,
1305,0.2,0.19,1305,0.168454,
1305,0.3,0.29,1305,0.2737,
1305,0.4,0.38,1305,0.361616,
1305,0.5,0.48,1305,0.461524,
1305,0.6,0.58,1305,0.559621,
1305,0.7,0.69,1305,0.669015,
1305,0.8,0.79,1305,0.76238,
1305,0.9,0.89,1305,0.866897,
1305,1,0.99,1305,0.969006,
1305,1.1,1.09,1305,1.06868,
1305,1.2,1.19,1305,1.16619,
1305,1.3,1.28,1305,1.26132,
1305,1.4,1.39,1305,1.36643,
1305,1.5,1.49,1305,1.46844,
1305,1.6,1.6,1305,1.56889,
1305,1.7,1.69,1305,1.66648,
1305,1.8,1.79,1305,1.76245,
1305,1.9,1.89,1305,1.86652,
1305,2,1.99,1305,1.96752,
1305,2.1,2.09,1305,2.06649,
1305,2.2,2.19,1305,2.16361,
1305,2.3,2.29,1305,2.26741,
1305,2.4,2.39,1305,2.36021,
1305,2.5,2.49,1305,2.46,
1305,2.6,2.59,1305,2.5659,
1305,2.7,2.69,1305,2.66078,
1305,2.8,2.79,1305,2.76254,
1305,2.9,2.89,1305,2.86212,
1305,3,3,1305,2.96719,
1305,3.1,3.09,1305,3.06202,
1305,3.2,3.19,1305,3.16191,
1305,3.3,3.29,1305,3.26725,
1305,3.4,3.39,1305,3.36324,
1305,3.5,3.49,1305,3.46377,
1305,3.6,3.59,1305,3.56209,
1305,3.7,3.69,1305,3.66497,
1305,3.8,3.79,1305,3.766,
1305,3.9,3.89,1305,3.86427,
1305,4,3.99,1305,3.967,
1305,4.1,4.09,1305,4.06693,
1305,4.2,4.19,1305,4.16491,
1305,4.3,4.29,1305,4.26664,
1305,4.4,4.39,1305,4.36581,
1305,4.5,4.49,1305,4.46302,
1305,4.6,4.59,1305,4.56386,
1305,4.7,4.69,1305,4.66759,
1305,4.8,4.79,1305,4.7633,
1305,4.9,4.9,1305,4.86771,
1305,5,4.99,1305,4.96476,
1305,5.1,5.09,1305,5.06414,
1305,5.2,5.19,1305,5.16625,
1305,5.3,5.29,1305,5.26629,
1305,5.4,5.4,1305,5.36845,
1305,5.5,5.49,1305,5.46827,
1305,5.6,5.59,1305,5.56598,
1305,5.7,5.69,1305,5.66567,
1305,5.8,5.79,1305,5.76754,
1305,5.9,5.89,1305,5.86713,
1305,6,5.99,1305,5.96842,
1305,6.1,6.09,1305,6.06728,
1305,6.2,6.19,1305,6.16783,
1305,6.3,6.29,1305,6.26988,
1305,6.4,6.39,1305,6.36963,
1305,6.5,6.49,1305,6.46721,
1305,6.6,6.59,1305,6.56943,
1305,6.7,6.69,1305,6.66942,
1305,6.8,6.79,1305,6.77066,
1305,6.9,6.89,1305,6.86937,
1305,7,6.99,1305,6.96932,
1310,-6.9,-6.94,1310,-6.89148,
1310,-6.8,-6.86,1310,-6.81273,
1310,-6.7,-6.78,1310,-6.73944,
1310,-6.6,-6.64,1310,-6.59455,
1310,-6.5,-6.56,1310,-6.52132,
1310,-6.4,-6.42,1310,-6.38257,
1310,-6.3,-6.35,1310,-6.31879,
1310,-6.2,-6.28,1310,-6.24888,
1310,-6.1,-6.15,1310,-6.11711,
1310,-6,-6.02,1310,-5.98987,
1310,-5.9,-5.96,1310,-5.92862,
1310,-5.8,-5.83,1310,-5.80923,
1310,-5.7,-5.77,1310,-5.74677,
1310,-5.6,-5.66,1310,-5.62942,
1310,-5.5,-5.54,1310,-5.51558,
1310,-5.4,-5.43,1310,-5.40443,
1310,-5.3,-5.32,1310,-5.29796,
1310,-5.2,-5.26,1310,-5.24574,
1310,-5.1,-5.16,1310,-5.14183,
1310,-5,-5.06,1310,-5.03915,
1310,-4.9,-4.96,1310,-4.94198,
1310,-4.8,-4.86,1310,-4.84368,
1310,-4.7,-4.71,1310,-4.70096,
1310,-4.6,-4.62,1310,-4.60931,
1310,-4.5,-4.53,1310,-4.51992,
1310,-4.4,-4.44,1310,-4.43096,
1310,-4.3,-4.35,1310,-4.34424,
1310,-4.2,-4.22,1310,-4.21987,
1310,-4.1,-4.14,1310,-4.13646,
1310,-4,-4.02,1310,-4.01463,
1310,-3.9,-3.94,1310,-3.93617,
1310,-3.8,-3.82,1310,-3.82265,
1310,-3.7,-3.75,1310,-3.74768,
1310,-3.6,-3.63,1310,-3.63581,
1310,-3.5,-3.53,1310,-3.52984,
1310,-3.4,-3.42,1310,-3.42402,
1310,-3.3,-3.32,1310,-3.32372,
1310,-3.2,-3.21,1310,-3.22116,
1310,-3.1,-3.12,1310,-3.12316,
1310,-3,-3.02,1310,-3.02734,
1310,-2.9,-2.92,1310,-2.934,
1310,-2.8,-2.83,1310,-2.84096,
1310,-2.7,-2.71,1310,-2.72177,
1310,-2.6,-2.62,1310,-2.63417,
1310,-2.5,-2.51,1310,-2.52083,
1310,-2.4,-2.42,1310,-2.43651,
1310,-2.3,-2.31,1310,-2.32784,
1310,-2.2,-2.23,1310,-2.24825,
1310,-2.1,-2.13,1310,-2.14393,
1310,-2,-2.03,1310,-2.0415,
1310,-1.9,-1.93,1310,-1.943,
1310,-1.8,-1.83,1310,-1.84505,
1310,-1.7,-1.71,1310,-1.72614,
1310,-1.6,-1.62,1310,-1.63309,
1310,-1.5,-1.52,1310,-1.54273,
1310,-1.4,-1.41,1310,-1.43152,
1310,-1.3,-1.33,1310,-1.34503,
1310,-1.2,-1.22,1310,-1.23826,
1310,-1.1,-1.11,1310,-1.13566,
1310,-1,-1.01,1310,-1.03452,
1310,-0.9,-0.91,1310,-0.935763,
1310,-0.8,-0.82,1310,-0.83905,
1310,-0.7,-0.72,1310,-0.745331,
1310,-0.6,-0.62,1310,-0.633844,
1310,-0.5,-0.52,1310,-0.54391,
1310,-0.4,-0.41,1310,-0.438815,
1310,-0.3,-0.31,1310,-0.335405,
1310,-0.2,-0.21,1310,-0.23384,
1310,-0.1,-0.11,1310,-0.135102,
1310,-8.13238e-15,-0.11,1310,-0.135159,
1310,0.1,0.08,1310,0.0559401,
1310,0.2,0.19,1310,0.162973,
1310,0.3,0.29,1310,0.268441,
1310,0.4,0.38,1310,0.356478,
1310,0.5,0.48,1310,0.456378,
1310,0.6,0.58,1310,0.55462,
1310,0.7,0.69,1310,0.664049,
1310,0.8,0.78,1310,0.757455,
1310,0.9,0.89,1310,0.862224,
1310,1,0.99,1310,0.964379,
1310,1.1,1.09,1310,1.06399,
1310,1.2,1.19,1310,1.16183,
1310,1.3,1.28,1310,1.25703,
1310,1.4,1.39,1310,1.36215,
1310,1.5,1.49,1310,1.46443,
1310,1.6,1.6,1310,1.56492,
1310,1.7,1.69,1310,1.66232,
1310,1.8,1.79,1310,1.75844,
1310,1.9,1.89,1310,1.86268,
1310,2,1.99,1310,1.96373,
1310,2.1,2.09,1310,2.06285,
1310,2.2,2.19,1310,2.15992,
1310,2.3,2.29,1310,2.26378,
1310,2.4,2.39,1310,2.35661,
1310,2.5,2.49,1310,2.45637,
1310,2.6,2.59,1310,2.56228,
1310,2.7,2.69,1310,2.65723,
1310,2.8,2.79,1310,2.75925,
1310,2.9,2.89,1310,2.85898,
1310,3,3,1310,2.96425,
1310,3.1,3.09,1310,3.05878,
1310,3.2,3.19,1310,3.15874,
1310,3.3,3.29,1310,3.26433,
1310,3.4,3.39,1310,3.36026,
1310,3.5,3.49,1310,3.4608,
1310,3.6,3.59,1310,3.55938,
1310,3.7,3.69,1310,3.66234,
1310,3.8,3.79,1310,3.76341,
1310,3.9,3.89,1310,3.86137,
1310,4,3.99,1310,3.96424,
1310,4.1,4.09,1310,4.06451,
1310,4.2,4.19,1310,4.1623,
1310,4.3,4.29,1310,4.26434,
1310,4.4,4.39,1310,4.36332,
1310,4.5,4.49,1310,4.46038,
1310,4.6,4.59,1310,4.56141,
1310,4.7,4.69,1310,4.66513,
1310,4.8,4.79,1310,4.76102,
1310,4.9,4.89,1310,4.86537,
1310,5,4.99,1310,4.96254,
1310,5.1,5.09,1310,5.06179,
1310,5.2,5.19,1310,5.16392,
1310,5.3,5.29,1310,5.26416,
1310,5.4,5.4,1310,5.3661,
1310,5.5,5.49,1310,5.46637,
1310,5.6,5.59,1310,5.564,
1310,5.7,5.69,1310,5.66371,
1310,5.8,5.79,1310,5.76573,
1310,5.9,5.89,1310,5.86529,
1310,6,5.99,1310,5.96614,
1310,6.1,6.09,1310,6.06539,
1310,6.2,6.19,1310,6.16603,
1310,6.3,6.29,1310,6.2682,
1310,6.4,6.39,1310,6.36781,
1310,6.5,6.49,1310,6.46567,
1310,6.6,6.59,1310,6.56775,
1310,6.7,6.69,1310,6.66786,
1310,6.8,6.8,1310,6.76898,
1310,6.9,6.89,1310,6.86779,
1310,7,6.99,1310,6.96735,
1315,-6.9,-6.92,1315,-6.8418,
1315,-6.8,-6.84,1315,-6.78593,
1315,-6.7,-6.78,1315,-6.71296,
1315,-6.6,-6.62,1315,-6.56914,
1315,-6.5,-6.56,1315,-6.49647,
1315,-6.4,-6.42,1315,-6.35862,
1315,-6.3,-6.33,1315,-6.29501,
1315,-6.2,-6.28,1315,-6.22556,
1315,-6.1,-6.15,1315,-6.09472,
1315,-6,-6.01,1315,-5.96773,
1315,-5.9,-5.96,1315,-5.90681,
1315,-5.8,-5.82,1315,-5.78822,
1315,-5.7,-5.77,1315,-5.72663,
1315,-5.6,-5.64,1315,-5.60935,
1315,-5.5,-5.53,1315,-5.49641,
1315,-5.4,-5.41,1315,-5.38592,
1315,-5.3,-5.3,1315,-5.27972,
1315,-5.2,-5.26,1315,-5.22783,
1315,-5.1,-5.16,1315,-5.12463,
1315,-5,-5.06,1315,-5.02228,
1315,-4.9,-4.96,1315,-4.92563,
1315,-4.8,-4.86,1315,-4.82814,
1315,-4.7,-4.7,1315,-4.6856,
1315,-4.6,-4.61,1315,-4.59416,
1315,-4.5,-4.53,1315,-4.50551,
1315,-4.4,-4.43,1315,-4.41686,
1315,-4.3,-4.34,1315,-4.33056,
1315,-4.2,-4.21,1315,-4.20644,
1315,-4.1,-4.14,1315,-4.12307,
1315,-4,-4.01,1315,-4.00189,
1315,-3.9,-3.94,1315,-3.92332,
1315,-3.8,-3.82,1315,-3.81062,
1315,-3.7,-3.75,1315,-3.736,
1315,-3.6,-3.63,1315,-3.62438,
1315,-3.5,-3.53,1315,-3.51866,
1315,-3.4,-3.42,1315,-3.41292,
1315,-3.3,-3.32,1315,-3.31318,
1315,-3.2,-3.21,1315,-3.21119,
1315,-3.1,-3.11,1315,-3.11313,
1315,-3,-3.02,1315,-3.01777,
1315,-2.9,-2.92,1315,-2.92446,
1315,-2.8,-2.83,1315,-2.83162,
1315,-2.7,-2.71,1315,-2.71265,
1315,-2.6,-2.62,1315,-2.62556,
1315,-2.5,-2.51,1315,-2.51253,
1315,-2.4,-2.42,1315,-2.42825,
1315,-2.3,-2.31,1315,-2.31994,
1315,-2.2,-2.23,1315,-2.24063,
1315,-2.1,-2.13,1315,-2.13669,
1315,-2,-2.03,1315,-2.03434,
1315,-1.9,-1.93,1315,-1.93594,
1315,-1.8,-1.83,1315,-1.8383,
1315,-1.7,-1.71,1315,-1.71958,
1315,-1.6,-1.62,1315,-1.62674,
1315,-1.5,-1.52,1315,-1.53666,
1315,-1.4,-1.41,1315,-1.42543,
1315,-1.3,-1.33,1315,-1.33936,
1315,-1.2,-1.22,1315,-1.23296,
1315,-1.1,-1.11,1315,-1.13053,
1315,-1,-1.01,1315,-1.02913,
1315,-0.9,-0.91,1315,-0.9308,
1315,-0.8,-0.82,1315,-0.834122,
1315,-0.7,-0.72,1315,-0.740674,
1315,-0.6,-0.62,1315,-0.629468,
1315,-0.5,-0.52,1315,-0.539702,
1315,-0.4,-0.41,1315,-0.434626,
1315,-0.3,-0.31,1315,-0.33127,
1315,-0.2,-0.21,1315,-0.230115,
1315,-0.1,-0.11,1315,-0.131478,
1315,-8.13238e-15,-0.11,1315,-0.131551,
1315,0.1,0.08,1315,0.0592658,
1315,0.2,0.19,1315,0.166318,
1315,0.3,0.29,1315,0.271644,
1315,0.4,0.38,1315,0.359446,
1315,0.5,0.48,1315,0.45922,
1315,0.6,0.58,1315,0.55744,
1315,0.7,0.69,1315,0.666844,
1315,0.8,0.78,1315,0.760036,
1315,0.9,0.89,1315,0.864663,
1315,1,0.99,1315,0.966619,
1315,1.1,1.09,1315,1.06616,
1315,1.2,1.19,1315,1.16385,
1315,1.3,1.29,1315,1.25902,
1315,1.4,1.39,1315,1.36388,
1315,1.5,1.49,1315,1.46602,
1315,1.6,1.59,1315,1.56658,
1315,1.7,1.69,1315,1.66408,
1315,1.8,1.79,1315,1.76003,
1315,1.9,1.89,1315,1.86398,
1315,2,1.99,1315,1.96497,
1315,2.1,2.09,1315,2.06393,
1315,2.2,2.19,1315,2.16121,
1315,2.3,2.29,1315,2.26477,
1315,2.4,2.39,1315,2.35749,
1315,2.5,2.49,1315,2.45737,
1315,2.6,2.59,1315,2.56311,
1315,2.7,2.69,1315,2.65796,
1315,2.8,2.79,1315,2.76011,
1315,2.9,2.89,1315,2.85943,
1315,3,2.99,1315,2.96451,
1315,3.1,3.09,1315,3.0593,
1315,3.2,3.19,1315,3.1592,
1315,3.3,3.29,1315,3.26459,
1315,3.4,3.39,1315,3.36041,
1315,3.5,3.49,1315,3.4611,
1315,3.6,3.59,1315,3.55935,
1315,3.7,3.69,1315,3.66206,
1315,3.8,3.79,1315,3.76327,
1315,3.9,3.89,1315,3.86174,
1315,4,3.99,1315,3.96424,
1315,4.1,4.09,1315,4.06424,
1315,4.2,4.19,1315,4.16212,
1315,4.3,4.29,1315,4.26386,
1315,4.4,4.39,1315,4.36295,
1315,4.5,4.49,1315,4.46026,
1315,4.6,4.59,1315,4.56093,
1315,4.7,4.69,1315,4.66472,
1315,4.8,4.79,1315,4.76067,
1315,4.9,4.89,1315,4.86498,
1315,5,4.99,1315,4.96207,
1315,5.1,5.09,1315,5.06152,
1315,5.2,5.19,1315,5.16356,
1315,5.3,5.29,1315,5.26337,
1315,5.4,5.4,1315,5.36556,
1315,5.5,5.49,1315,5.46548,
1315,5.6,5.59,1315,5.56311,
1315,5.7,5.69,1315,5.66276,
1315,5.8,5.79,1315,5.76456,
1315,5.9,5.89,1315,5.86422,
1315,6,5.99,1315,5.96556,
1315,6.1,6.09,1315,6.06448,
1315,6.2,6.19,1315,6.16489,
1315,6.3,6.29,1315,6.26738,
1315,6.4,6.4,1315,6.36671,
1315,6.5,6.49,1315,6.4642,
1315,6.6,6.59,1315,6.56655,
1315,6.7,6.69,1315,6.66665,
1315,6.8,6.8,1315,6.76782,
1315,6.9,6.89,1315,6.86639,
1315,7,6.99,1315,6.96627,
1320,-6.9,-6.92,1320,-6.83881,
1320,-6.8,-6.86,1320,-6.78513,
1320,-6.7,-6.78,1320,-6.71258,
1320,-6.6,-6.64,1320,-6.5688,
1320,-6.5,-6.56,1320,-6.49642,
1320,-6.4,-6.42,1320,-6.35843,
1320,-6.3,-6.35,1320,-6.29519,
1320,-6.2,-6.28,1320,-6.22516,
1320,-6.1,-6.15,1320,-6.09421,
1320,-6,-6.01,1320,-5.96773,
1320,-5.9,-5.96,1320,-5.9067,
1320,-5.8,-5.83,1320,-5.78804,
1320,-5.7,-5.77,1320,-5.72691,
1320,-5.6,-5.64,1320,-5.60961,
1320,-5.5,-5.54,1320,-5.49668,
1320,-5.4,-5.43,1320,-5.3864,
1320,-5.3,-5.32,1320,-5.28035,
1320,-5.2,-5.26,1320,-5.22817,
1320,-5.1,-5.16,1320,-5.12477,
1320,-5,-5.06,1320,-5.02257,
1320,-4.9,-4.96,1320,-4.92592,
1320,-4.8,-4.86,1320,-4.82821,
1320,-4.7,-4.71,1320,-4.68597,
1320,-4.6,-4.62,1320,-4.59454,
1320,-4.5,-4.53,1320,-4.50572,
1320,-4.4,-4.44,1320,-4.41736,
1320,-4.3,-4.35,1320,-4.33112,
1320,-4.2,-4.22,1320,-4.20709,
1320,-4.1,-4.13,1320,-4.12386,
1320,-4,-4.02,1320,-4.00273,
1320,-3.9,-3.94,1320,-3.92426,
1320,-3.8,-3.82,1320,-3.8115,
1320,-3.7,-3.75,1320,-3.73646,
1320,-3.6,-3.63,1320,-3.62516,
1320,-3.5,-3.53,1320,-3.51969,
1320,-3.4,-3.42,1320,-3.41435,
1320,-3.3,-3.32,1320,-3.31445,
1320,-3.2,-3.21,1320,-3.21224,
1320,-3.1,-3.11,1320,-3.11442,
1320,-3,-3.02,1320,-3.01871,
1320,-2.9,-2.92,1320,-2.92555,
1320,-2.8,-2.83,1320,-2.83277,
1320,-2.7,-2.71,1320,-2.71391,
1320,-2.6,-2.62,1320,-2.62678,
1320,-2.5,-2.51,1320,-2.51352,
1320,-2.4,-2.42,1320,-2.42966,
1320,-2.3,-2.31,1320,-2.32102,
1320,-2.2,-2.23,1320,-2.24183,
1320,-2.1,-2.13,1320,-2.13798,
1320,-2,-2.03,1320,-2.03585,
1320,-1.9,-1.93,1320,-1.93746,
1320,-1.8,-1.83,1320,-1.83984,
1320,-1.7,-1.71,1320,-1.72114,
1320,-1.6,-1.62,1320,-1.62859,
1320,-1.5,-1.52,1320,-1.53828,
1320,-1.4,-1.41,1320,-1.42723,
1320,-1.3,-1.33,1320,-1.34094,
1320,-1.2,-1.22,1320,-1.23437,
1320,-1.1,-1.11,1320,-1.13191,
1320,-1,-1.01,1320,-1.03106,
1320,-0.9,-0.91,1320,-0.93235,
1320,-0.8,-0.82,1320,-0.835983,
1320,-0.7,-0.72,1320,-0.742581,
1320,-0.6,-0.62,1320,-0.631024,
1320,-0.5,-0.52,1320,-0.541413,
1320,-0.4,-0.41,1320,-0.436152,
1320,-0.3,-0.31,1320,-0.33299,
1320,-0.2,-0.21,1320,-0.232029,
1320,-0.1,-0.11,1320,-0.133349,
1320,-8.13238e-15,-0.11,1320,-0.133127,
1320,0.1,0.08,1320,0.0576376,
1320,0.2,0.19,1320,0.16463,
1320,0.3,0.29,1320,0.269906,
1320,0.4,0.38,1320,0.357678,
1320,0.5,0.48,1320,0.457387,
1320,0.6,0.58,1320,0.555507,
1320,0.7,0.69,1320,0.664895,
1320,0.8,0.79,1320,0.758184,
1320,0.9,0.89,1320,0.862755,
1320,1,0.99,1320,0.964793,
1320,1.1,1.09,1320,1.0644,
1320,1.2,1.19,1320,1.16194,
1320,1.3,1.29,1320,1.25696,
1320,1.4,1.39,1320,1.36207,
1320,1.5,1.49,1320,1.46403,
1320,1.6,1.59,1320,1.56469,
1320,1.7,1.69,1320,1.66225,
1320,1.8,1.79,1320,1.75801,
1320,1.9,1.89,1320,1.86198,
1320,2,1.99,1320,1.96306,
1320,2.1,2.09,1320,2.06215,
1320,2.2,2.19,1320,2.15906,
1320,2.3,2.29,1320,2.26285,
1320,2.4,2.39,1320,2.35564,
1320,2.5,2.49,1320,2.4554,
1320,2.6,2.59,1320,2.56121,
1320,2.7,2.69,1320,2.65612,
1320,2.8,2.79,1320,2.75794,
1320,2.9,2.89,1320,2.85746,
1320,3,2.99,1320,2.96262,
1320,3.1,3.09,1320,3.05734,
1320,3.2,3.19,1320,3.15715,
1320,3.3,3.29,1320,3.26248,
1320,3.4,3.39,1320,3.35845,
1320,3.5,3.49,1320,3.45891,
1320,3.6,3.59,1320,3.5573,
1320,3.7,3.69,1320,3.66005,
1320,3.8,3.79,1320,3.76115,
1320,3.9,3.89,1320,3.85951,
1320,4,3.99,1320,3.96214,
1320,4.1,4.09,1320,4.06213,
1320,4.2,4.19,1320,4.16,
1320,4.3,4.29,1320,4.26182,
1320,4.4,4.39,1320,4.36084,
1320,4.5,4.49,1320,4.45821,
1320,4.6,4.59,1320,4.55894,
1320,4.7,4.7,1320,4.66258,
1320,4.8,4.79,1320,4.75827,
1320,4.9,4.89,1320,4.86294,
1320,5,4.99,1320,4.95984,
1320,5.1,5.09,1320,5.05921,
1320,5.2,5.19,1320,5.16124,
1320,5.3,5.29,1320,5.26128,
1320,5.4,5.4,1320,5.36351,
1320,5.5,5.49,1320,5.46334,
1320,5.6,5.59,1320,5.561,
1320,5.7,5.69,1320,5.66074,
1320,5.8,5.79,1320,5.76261,
1320,5.9,5.89,1320,5.86215,
1320,6,5.99,1320,5.96336,
1320,6.1,6.09,1320,6.06206,
1320,6.2,6.19,1320,6.16271,
1320,6.3,6.3,1320,6.26499,
1320,6.4,6.39,1320,6.36465,
1320,6.5,6.49,1320,6.4623,
1320,6.6,6.59,1320,6.56453,
1320,6.7,6.69,1320,6.66443,
1320,6.8,6.8,1320,6.76548,
1320,6.9,6.89,1320,6.86444,
1320,7,6.99,1320,6.96412,
1325,-6.9,-6.92,1325,-6.86147,
1325,-6.8,-6.84,1325,-6.80247,
1325,-6.7,-6.78,1325,-6.72987,
1325,-6.6,-6.64,1325,-6.58513,
1325,-6.5,-6.56,1325,-6.51244,
1325,-6.4,-6.42,1325,-6.37429,
1325,-6.3,-6.35,1325,-6.31054,
1325,-6.2,-6.27,1325,-6.24085,
1325,-6.1,-6.15,1325,-6.10957,
1325,-6,-6.02,1325,-5.98271,
1325,-5.9,-5.96,1325,-5.92193,
1325,-5.8,-5.83,1325,-5.80291,
1325,-5.7,-5.77,1325,-5.74139,
1325,-5.6,-5.64,1325,-5.62462,
1325,-5.5,-5.54,1325,-5.51133,
1325,-5.4,-5.41,1325,-5.40038,
1325,-5.3,-5.3,1325,-5.29434,
1325,-5.2,-5.26,1325,-5.24228,
1325,-5.1,-5.16,1325,-5.13869,
1325,-5,-5.06,1325,-5.03628,
1325,-4.9,-4.96,1325,-4.93977,
1325,-4.8,-4.84,1325,-4.84195,
1325,-4.7,-4.71,1325,-4.69962,
1325,-4.6,-4.62,1325,-4.60799,
1325,-4.5,-4.53,1325,-4.51915,
1325,-4.4,-4.44,1325,-4.43038,
1325,-4.3,-4.35,1325,-4.34373,
1325,-4.2,-4.22,1325,-4.21996,
1325,-4.1,-4.14,1325,-4.13683,
1325,-4,-4.02,1325,-4.01524,
1325,-3.9,-3.94,1325,-3.93707,
1325,-3.8,-3.81,1325,-3.82396,
1325,-3.7,-3.75,1325,-3.7492,
1325,-3.6,-3.63,1325,-3.63767,
1325,-3.5,-3.53,1325,-3.53192,
1325,-3.4,-3.42,1325,-3.42649,
1325,-3.3,-3.32,1325,-3.3264,
1325,-3.2,-3.21,1325,-3.2242,
1325,-3.1,-3.11,1325,-3.12636,
1325,-3,-3.02,1325,-3.03046,
1325,-2.9,-2.92,1325,-2.93707,
1325,-2.8,-2.83,1325,-2.84437,
1325,-2.7,-2.71,1325,-2.72556,
1325,-2.6,-2.62,1325,-2.63832,
1325,-2.5,-2.51,1325,-2.5252,
1325,-2.4,-2.42,1325,-2.44117,
1325,-2.3,-2.31,1325,-2.33256,
1325,-2.2,-2.23,1325,-2.25333,
1325,-2.1,-2.13,1325,-2.14951,
1325,-2,-2.03,1325,-2.04688,
1325,-1.9,-1.93,1325,-1.9486,
1325,-1.8,-1.83,1325,-1.8508,
1325,-1.7,-1.71,1325,-1.73189,
1325,-1.6,-1.62,1325,-1.63929,
1325,-1.5,-1.52,1325,-1.54893,
1325,-1.4,-1.41,1325,-1.4379,
1325,-1.3,-1.33,1325,-1.35177,
1325,-1.2,-1.22,1325,-1.2451,
1325,-1.1,-1.12,1325,-1.14274,
1325,-1,-1.01,1325,-1.04157,
1325,-0.9,-0.91,1325,-0.943006,
1325,-0.8,-0.82,1325,-0.846447,
1325,-0.7,-0.72,1325,-0.752834,
1325,-0.6,-0.61,1325,-0.641423,
1325,-0.5,-0.52,1325,-0.551634,
1325,-0.4,-0.41,1325,-0.446519,
1325,-0.3,-0.31,1325,-0.343324,
1325,-0.2,-0.21,1325,-0.242072,
1325,-0.1,-0.11,1325,-0.143374,
1325,-8.13238e-15,-0.11,1325,-0.143252,
1325,0.1,0.08,1325,0.0475373,
1325,0.2,0.19,1325,0.154566,
1325,0.3,0.29,1325,0.259728,
1325,0.4,0.38,1325,0.347704,
1325,0.5,0.48,1325,0.447318,
1325,0.6,0.58,1325,0.545606,
1325,0.7,0.69,1325,0.654994,
1325,0.8,0.79,1325,0.748311,
1325,0.9,0.89,1325,0.852788,
1325,1,0.99,1325,0.954863,
1325,1.1,1.09,1325,1.05451,
1325,1.2,1.19,1325,1.15219,
1325,1.3,1.29,1325,1.24723,
1325,1.4,1.39,1325,1.35226,
1325,1.5,1.49,1325,1.4544,
1325,1.6,1.6,1325,1.55485,
1325,1.7,1.69,1325,1.65236,
1325,1.8,1.79,1325,1.74831,
1325,1.9,1.89,1325,1.85242,
1325,2,1.99,1325,1.95329,
1325,2.1,2.09,1325,2.05237,
1325,2.2,2.19,1325,2.14944,
1325,2.3,2.29,1325,2.25327,
1325,2.4,2.39,1325,2.34591,
1325,2.5,2.49,1325,2.44576,
1325,2.6,2.59,1325,2.55157,
1325,2.7,2.69,1325,2.64655,
1325,2.8,2.79,1325,2.74834,
1325,2.9,2.89,1325,2.84786,
1325,3,3,1325,2.95306,
1325,3.1,3.09,1325,3.04764,
1325,3.2,3.19,1325,3.14752,
1325,3.3,3.29,1325,3.25304,
1325,3.4,3.39,1325,3.34908,
1325,3.5,3.49,1325,3.44957,
1325,3.6,3.59,1325,3.54789,
1325,3.7,3.69,1325,3.65065,
1325,3.8,3.79,1325,3.75177,
1325,3.9,3.89,1325,3.85014,
1325,4,3.99,1325,3.95283,
1325,4.1,4.1,1325,4.05287,
1325,4.2,4.19,1325,4.15079,
1325,4.3,4.3,1325,4.25271,
1325,4.4,4.39,1325,4.35161,
1325,4.5,4.49,1325,4.44888,
1325,4.6,4.59,1325,4.54956,
1325,4.7,4.7,1325,4.65341,
1325,4.8,4.79,1325,4.74929,
1325,4.9,4.9,1325,4.85363,
1325,5,4.99,1325,4.95052,
1325,5.1,5.09,1325,5.05007,
1325,5.2,5.19,1325,5.15213,
1325,5.3,5.29,1325,5.25196,
1325,5.4,5.4,1325,5.35439,
1325,5.5,5.49,1325,5.45429,
1325,5.6,5.59,1325,5.55189,
1325,5.7,5.69,1325,5.65153,
1325,5.8,5.79,1325,5.75344,
1325,5.9,5.89,1325,5.85305,
1325,6,6,1325,5.95439,
1325,6.1,6.09,1325,6.05326,
1325,6.2,6.19,1325,6.15385,
1325,6.3,6.3,1325,6.25612,
1325,6.4,6.39,1325,6.35565,
1325,6.5,6.49,1325,6.45304,
1325,6.6,6.59,1325,6.55526,
1325,6.7,6.69,1325,6.65534,
1325,6.8,6.8,1325,6.7565,
1325,6.9,6.89,1325,6.85524,
1325,7,6.99,1325,6.95513,
1330,-6.9,-6.92,1330,-6.87492,
1330,-6.8,-6.84,1330,-6.81751,
1330,-6.7,-6.77,1330,-6.7446,
1330,-6.6,-6.64,1330,-6.60086,
1330,-6.5,-6.55,1330,-6.52796,
1330,-6.4,-6.42,1330,-6.38951,
1330,-6.3,-6.35,1330,-6.32563,
1330,-6.2,-6.28,1330,-6.25601,
1330,-6.1,-6.15,1330,-6.12531,
1330,-6,-6.02,1330,-5.99799,
1330,-5.9,-5.94,1330,-5.93731,
1330,-5.8,-5.83,1330,-5.81803,
1330,-5.7,-5.77,1330,-5.75611,
1330,-5.6,-5.66,1330,-5.63928,
1330,-5.5,-5.54,1330,-5.52572,
1330,-5.4,-5.43,1330,-5.4151,
1330,-5.3,-5.32,1330,-5.30876,
1330,-5.2,-5.26,1330,-5.25646,
1330,-5.1,-5.16,1330,-5.15304,
1330,-5,-5.06,1330,-5.0504,
1330,-4.9,-4.96,1330,-4.95376,
1330,-4.8,-4.86,1330,-4.85566,
1330,-4.7,-4.71,1330,-4.71318,
1330,-4.6,-4.62,1330,-4.62129,
1330,-4.5,-4.53,1330,-4.53256,
1330,-4.4,-4.44,1330,-4.44383,
1330,-4.3,-4.34,1330,-4.3569,
1330,-4.2,-4.22,1330,-4.23334,
1330,-4.1,-4.14,1330,-4.14991,
1330,-4,-4.02,1330,-4.02835,
1330,-3.9,-3.94,1330,-3.94974,
1330,-3.8,-3.82,1330,-3.83652,
1330,-3.7,-3.75,1330,-3.7616,
1330,-3.6,-3.63,1330,-3.64997,
1330,-3.5,-3.53,1330,-3.54395,
1330,-3.4,-3.42,1330,-3.43823,
1330,-3.3,-3.32,1330,-3.33818,
1330,-3.2,-3.21,1330,-3.23596,
1330,-3.1,-3.12,1330,-3.13828,
1330,-3,-3.02,1330,-3.042,
1330,-2.9,-2.92,1330,-2.94862,
1330,-2.8,-2.83,1330,-2.85586,
1330,-2.7,-2.71,1330,-2.73682,
1330,-2.6,-2.62,1330,-2.64984,
1330,-2.5,-2.51,1330,-2.53654,
1330,-2.4,-2.43,1330,-2.45244,
1330,-2.3,-2.31,1330,-2.34406,
1330,-2.2,-2.23,1330,-2.2641,
1330,-2.1,-2.14,1330,-2.16017,
1330,-2,-2.03,1330,-2.058,
1330,-1.9,-1.93,1330,-1.95932,
1330,-1.8,-1.83,1330,-1.86169,
1330,-1.7,-1.71,1330,-1.74266,
1330,-1.6,-1.62,1330,-1.65011,
1330,-1.5,-1.52,1330,-1.55956,
1330,-1.4,-1.41,1330,-1.44843,
1330,-1.3,-1.33,1330,-1.36203,
1330,-1.2,-1.22,1330,-1.25535,
1330,-1.1,-1.11,1330,-1.15289,
1330,-1,-1.01,1330,-1.0516,
1330,-0.9,-0.91,1330,-0.953177,
1330,-0.8,-0.82,1330,-0.85639,
1330,-0.7,-0.72,1330,-0.762902,
1330,-0.6,-0.61,1330,-0.651308,
1330,-0.5,-0.52,1330,-0.561724,
1330,-0.4,-0.41,1330,-0.456566,
1330,-0.3,-0.31,1330,-0.353091,
1330,-0.2,-0.21,1330,-0.25203,
1330,-0.1,-0.11,1330,-0.153269,
1330,-8.13238e-15,-0.11,1330,-0.153226,
1330,0.1,0.08,1330,0.037702,
1330,0.2,0.19,1330,0.144907,
1330,0.3,0.29,1330,0.250218,
1330,0.4,0.38,1330,0.338064,
1330,0.5,0.48,1330,0.437913,
1330,0.6,0.58,1330,0.53597,
1330,0.7,0.69,1330,0.645463,
1330,0.8,0.78,1330,0.739012,
1330,0.9,0.89,1330,0.843564,
1330,1,0.99,1330,0.945564,
1330,1.1,1.09,1330,1.04524,
1330,1.2,1.19,1330,1.14299,
1330,1.3,1.29,1330,1.2382,
1330,1.4,1.39,1330,1.34309,
1330,1.5,1.49,1330,1.44532,
1330,1.6,1.6,1330,1.54586,
1330,1.7,1.69,1330,1.64347,
1330,1.8,1.79,1330,1.73943,
1330,1.9,1.89,1330,1.84344,
1330,2,1.99,1330,1.94437,
1330,2.1,2.09,1330,2.04356,
1330,2.2,2.19,1330,2.14073,
1330,2.3,2.29,1330,2.24437,
1330,2.4,2.39,1330,2.33733,
1330,2.5,2.49,1330,2.43712,
1330,2.6,2.59,1330,2.54289,
1330,2.7,2.69,1330,2.63773,
1330,2.8,2.79,1330,2.74,
1330,2.9,2.89,1330,2.83924,
1330,3,3,1330,2.94455,
1330,3.1,3.09,1330,3.03913,
1330,3.2,3.19,1330,3.13894,
1330,3.3,3.29,1330,3.24434,
1330,3.4,3.39,1330,3.34043,
1330,3.5,3.49,1330,3.4412,
1330,3.6,3.59,1330,3.53961,
1330,3.7,3.69,1330,3.64228,
1330,3.8,3.79,1330,3.74345,
1330,3.9,3.89,1330,3.84194,
1330,4,3.99,1330,3.94436,
1330,4.1,4.09,1330,4.04457,
1330,4.2,4.19,1330,4.14245,
1330,4.3,4.29,1330,4.24427,
1330,4.4,4.39,1330,4.3434,
1330,4.5,4.49,1330,4.4406,
1330,4.6,4.59,1330,4.54143,
1330,4.7,4.7,1330,4.64501,
1330,4.8,4.79,1330,4.74086,
1330,4.9,4.9,1330,4.84539,
1330,5,4.99,1330,4.94232,
1330,5.1,5.09,1330,5.04184,
1330,5.2,5.19,1330,5.14389,
1330,5.3,5.29,1330,5.24398,
1330,5.4,5.4,1330,5.3462,
1330,5.5,5.49,1330,5.44608,
1330,5.6,5.59,1330,5.54383,
1330,5.7,5.69,1330,5.64353,
1330,5.8,5.79,1330,5.74536,
1330,5.9,5.89,1330,5.84486,
1330,6,5.99,1330,5.94633,
1330,6.1,6.09,1330,6.0451,
1330,6.2,6.19,1330,6.14569,
1330,6.3,6.3,1330,6.24788,
1330,6.4,6.4,1330,6.34751,
1330,6.5,6.49,1330,6.44512,
1330,6.6,6.59,1330,6.54731,
1330,6.7,6.69,1330,6.64751,
1330,6.8,6.79,1330,6.74864,
1330,6.9,6.89,1330,6.84749,
1330,7,6.99,1330,6.94733,
1335,-6.9,-6.94,1335,-6.87668,
1335,-6.8,-6.86,1335,-6.81913,
1335,-6.7,-6.78,1335,-6.74573,
1335,-6.6,-6.64,1335,-6.6016,
1335,-6.5,-6.56,1335,-6.52889,
1335,-6.4,-6.44,1335,-6.39087,
1335,-6.3,-6.35,1335,-6.32712,
1335,-6.2,-6.28,1335,-6.25771,
1335,-6.1,-6.15,1335,-6.12675,
1335,-6,-6.02,1335,-5.99987,
1335,-5.9,-5.96,1335,-5.93896,
1335,-5.8,-5.83,1335,-5.81997,
1335,-5.7,-5.77,1335,-5.75806,
1335,-5.6,-5.66,1335,-5.64132,
1335,-5.5,-5.54,1335,-5.52785,
1335,-5.4,-5.43,1335,-5.41763,
1335,-5.3,-5.32,1335,-5.31161,
1335,-5.2,-5.26,1335,-5.25936,
1335,-5.1,-5.16,1335,-5.1557,
1335,-5,-5.06,1335,-5.05333,
1335,-4.9,-4.96,1335,-4.95673,
1335,-4.8,-4.86,1335,-4.85888,
1335,-4.7,-4.71,1335,-4.71624,
1335,-4.6,-4.62,1335,-4.62482,
1335,-4.5,-4.53,1335,-4.53609,
1335,-4.4,-4.44,1335,-4.44741,
1335,-4.3,-4.35,1335,-4.36069,
1335,-4.2,-4.22,1335,-4.23689,
1335,-4.1,-4.15,1335,-4.15343,
1335,-4,-4.02,1335,-4.03225,
1335,-3.9,-3.94,1335,-3.95367,
1335,-3.8,-3.82,1335,-3.8406,
1335,-3.7,-3.75,1335,-3.76606,
1335,-3.6,-3.63,1335,-3.6545,
1335,-3.5,-3.53,1335,-3.54861,
1335,-3.4,-3.42,1335,-3.44303,
1335,-3.3,-3.32,1335,-3.34312,
1335,-3.2,-3.21,1335,-3.2408,
1335,-3.1,-3.12,1335,-3.143,
1335,-3,-3.03,1335,-3.04701,
1335,-2.9,-2.92,1335,-2.9541,
1335,-2.8,-2.83,1335,-2.8612,
1335,-2.7,-2.71,1335,-2.7422,
1335,-2.6,-2.62,1335,-2.65505,
1335,-2.5,-2.52,1335,-2.54198,
1335,-2.4,-2.42,1335,-2.45779,
1335,-2.3,-2.31,1335,-2.34956,
1335,-2.2,-2.24,1335,-2.26981,
1335,-2.1,-2.14,1335,-2.16591,
1335,-2,-2.03,1335,-2.06379,
1335,-1.9,-1.93,1335,-1.96526,
1335,-1.8,-1.83,1335,-1.86723,
1335,-1.7,-1.71,1335,-1.74866,
1335,-1.6,-1.62,1335,-1.65578,
1335,-1.5,-1.53,1335,-1.56552,
1335,-1.4,-1.41,1335,-1.45444,
1335,-1.3,-1.33,1335,-1.36811,
1335,-1.2,-1.22,1335,-1.26151,
1335,-1.1,-1.12,1335,-1.15898,
1335,-1,-1.02,1335,-1.05801,
1335,-0.9,-0.91,1335,-0.95931,
1335,-0.8,-0.82,1335,-0.862818,
1335,-0.7,-0.73,1335,-0.76924,
1335,-0.6,-0.62,1335,-0.657786,
1335,-0.5,-0.52,1335,-0.568114,
1335,-0.4,-0.41,1335,-0.462841,
1335,-0.3,-0.31,1335,-0.359596,
1335,-0.2,-0.21,1335,-0.258339,
1335,-0.1,-0.11,1335,-0.159833,
1335,-8.13238e-15,-0.11,1335,-0.159582,
1335,0.1,0.08,1335,0.0311313,
1335,0.2,0.19,1335,0.138295,
1335,0.3,0.29,1335,0.243514,
1335,0.4,0.38,1335,0.331434,
1335,0.5,0.48,1335,0.43117,
1335,0.6,0.58,1335,0.529228,
1335,0.7,0.69,1335,0.63875,
1335,0.8,0.78,1335,0.732207,
1335,0.9,0.89,1335,0.836628,
1335,1,0.99,1335,0.938747,
1335,1.1,1.09,1335,1.03839,
1335,1.2,1.19,1335,1.136,
1335,1.3,1.28,1335,1.23108,
1335,1.4,1.39,1335,1.33614,
1335,1.5,1.49,1335,1.43823,
1335,1.6,1.59,1335,1.53867,
1335,1.7,1.69,1335,1.63636,
1335,1.8,1.79,1335,1.73219,
1335,1.9,1.89,1335,1.83623,
1335,2,1.99,1335,1.93718,
1335,2.1,2.09,1335,2.03631,
1335,2.2,2.19,1335,2.13334,
1335,2.3,2.29,1335,2.23708,
1335,2.4,2.39,1335,2.32994,
1335,2.5,2.49,1335,2.42964,
1335,2.6,2.59,1335,2.53549,
1335,2.7,2.69,1335,2.63032,
1335,2.8,2.79,1335,2.73244,
1335,2.9,2.89,1335,2.83185,
1335,3,2.99,1335,2.93684,
1335,3.1,3.09,1335,3.0316,
1335,3.2,3.19,1335,3.13149,
1335,3.3,3.29,1335,3.23689,
1335,3.4,3.39,1335,3.3329,
1335,3.5,3.49,1335,3.43349,
1335,3.6,3.59,1335,3.53189,
1335,3.7,3.69,1335,3.63464,
1335,3.8,3.79,1335,3.73588,
1335,3.9,3.89,1335,3.83398,
1335,4,3.99,1335,3.93667,
1335,4.1,4.09,1335,4.03666,
1335,4.2,4.19,1335,4.13474,
1335,4.3,4.29,1335,4.23658,
1335,4.4,4.39,1335,4.33559,
1335,4.5,4.49,1335,4.4328,
1335,4.6,4.59,1335,4.53365,
1335,4.7,4.69,1335,4.63735,
1335,4.8,4.79,1335,4.7331,
1335,4.9,4.89,1335,4.83761,
1335,5,4.99,1335,4.93452,
1335,5.1,5.09,1335,5.03401,
1335,5.2,5.19,1335,5.13605,
1335,5.3,5.29,1335,5.236,
1335,5.4,5.39,1335,5.33835,
1335,5.5,5.49,1335,5.43815,
1335,5.6,5.59,1335,5.53593,
1335,5.7,5.69,1335,5.63551,
1335,5.8,5.79,1335,5.73741,
1335,5.9,5.89,1335,5.83701,
1335,6,5.99,1335,5.9383,
1335,6.1,6.09,1335,6.037,
1335,6.2,6.19,1335,6.13761,
1335,6.3,6.29,1335,6.23991,
1335,6.4,6.39,1335,6.3395,
1335,6.5,6.49,1335,6.43708,
1335,6.6,6.59,1335,6.53938,
1335,6.7,6.69,1335,6.63934,
1335,6.8,6.8,1335,6.74059,
1335,6.9,6.89,1335,6.83936,
1335,7,6.99,1335,6.93912,
1340,-6.9,-6.94,1340,-6.8776,
1340,-6.8,-6.86,1340,-6.81786,
1340,-6.7,-6.78,1340,-6.74535,
1340,-6.6,-6.64,1340,-6.60089,
1340,-6.5,-6.56,1340,-6.52867,
1340,-6.4,-6.42,1340,-6.39019,
1340,-6.3,-6.35,1340,-6.3267,
1340,-6.2,-6.28,1340,-6.25713,
1340,-6.1,-6.15,1340,-6.12614,
1340,-6,-6.02,1340,-5.99929,
1340,-5.9,-5.96,1340,-5.93866,
1340,-5.8,-5.83,1340,-5.81978,
1340,-5.7,-5.77,1340,-5.75855,
1340,-5.6,-5.66,1340,-5.64179,
1340,-5.5,-5.54,1340,-5.52846,
1340,-5.4,-5.43,1340,-5.418,
1340,-5.3,-5.32,1340,-5.31201,
1340,-5.2,-5.26,1340,-5.25997,
1340,-5.1,-5.16,1340,-5.15646,
1340,-5,-5.06,1340,-5.05414,
1340,-4.9,-4.94,1340,-4.95776,
1340,-4.8,-4.86,1340,-4.85969,
1340,-4.7,-4.71,1340,-4.71733,
1340,-4.6,-4.62,1340,-4.62583,
1340,-4.5,-4.53,1340,-4.53719,
1340,-4.4,-4.44,1340,-4.44857,
1340,-4.3,-4.34,1340,-4.36235,
1340,-4.2,-4.22,1340,-4.23856,
1340,-4.1,-4.14,1340,-4.1553,
1340,-4,-4.02,1340,-4.03398,
1340,-3.9,-3.94,1340,-3.95571,
1340,-3.8,-3.82,1340,-3.84283,
1340,-3.7,-3.75,1340,-3.76784,
1340,-3.6,-3.63,1340,-3.65659,
1340,-3.5,-3.53,1340,-3.5509,
1340,-3.4,-3.43,1340,-3.44538,
1340,-3.3,-3.32,1340,-3.34565,
1340,-3.2,-3.21,1340,-3.24331,
1340,-3.1,-3.12,1340,-3.14576,
1340,-3,-3.02,1340,-3.04957,
1340,-2.9,-2.92,1340,-2.95667,
1340,-2.8,-2.83,1340,-2.8639,
1340,-2.7,-2.71,1340,-2.74455,
1340,-2.6,-2.62,1340,-2.65768,
1340,-2.5,-2.52,1340,-2.5445,
1340,-2.4,-2.42,1340,-2.46049,
1340,-2.3,-2.31,1340,-2.35205,
1340,-2.2,-2.23,1340,-2.27287,
1340,-2.1,-2.13,1340,-2.16874,
1340,-2,-2.03,1340,-2.06655,
1340,-1.9,-1.93,1340,-1.96819,
1340,-1.8,-1.83,1340,-1.87044,
1340,-1.7,-1.71,1340,-1.75168,
1340,-1.6,-1.62,1340,-1.65908,
1340,-1.5,-1.52,1340,-1.56888,
1340,-1.4,-1.41,1340,-1.45784,
1340,-1.3,-1.33,1340,-1.37151,
1340,-1.2,-1.22,1340,-1.26481,
1340,-1.1,-1.11,1340,-1.16274,
1340,-1,-1.01,1340,-1.06152,
1340,-0.9,-0.91,1340,-0.963048,
1340,-0.8,-0.82,1340,-0.866331,
1340,-0.7,-0.73,1340,-0.772909,
1340,-0.6,-0.61,1340,-0.661797,
1340,-0.5,-0.52,1340,-0.571917,
1340,-0.4,-0.41,1340,-0.466725,
1340,-0.3,-0.31,1340,-0.363386,
1340,-0.2,-0.21,1340,-0.26245,
1340,-0.1,-0.11,1340,-0.163676,
1340,-8.13238e-15,-0.11,1340,-0.16379,
1340,0.1,0.08,1340,0.0270891,
1340,0.2,0.19,1340,0.134174,
1340,0.3,0.29,1340,0.239373,
1340,0.4,0.38,1340,0.327223,
1340,0.5,0.48,1340,0.427035,
1340,0.6,0.58,1340,0.524866,
1340,0.7,0.69,1340,0.634339,
1340,0.8,0.79,1340,0.727681,
1340,0.9,0.89,1340,0.832341,
1340,1,0.99,1340,0.934434,
1340,1.1,1.09,1340,1.03393,
1340,1.2,1.19,1340,1.13171,
1340,1.3,1.28,1340,1.22675,
1340,1.4,1.39,1340,1.33166,
1340,1.5,1.49,1340,1.43394,
1340,1.6,1.59,1340,1.53426,
1340,1.7,1.69,1340,1.63183,
1340,1.8,1.79,1340,1.72773,
1340,1.9,1.89,1340,1.83172,
1340,2,1.99,1340,1.93265,
1340,2.1,2.09,1340,2.03184,
1340,2.2,2.19,1340,2.12883,
1340,2.3,2.29,1340,2.23255,
1340,2.4,2.39,1340,2.32523,
1340,2.5,2.49,1340,2.42516,
1340,2.6,2.59,1340,2.53091,
1340,2.7,2.69,1340,2.6257,
1340,2.8,2.79,1340,2.72781,
1340,2.9,2.89,1340,2.82714,
1340,3,2.99,1340,2.93199,
1340,3.1,3.09,1340,3.02691,
1340,3.2,3.19,1340,3.12684,
1340,3.3,3.29,1340,3.23201,
1340,3.4,3.39,1340,3.32786,
1340,3.5,3.49,1340,3.42859,
1340,3.6,3.59,1340,3.527,
1340,3.7,3.69,1340,3.62964,
1340,3.8,3.79,1340,3.73083,
1340,3.9,3.89,1340,3.82907,
1340,4,3.99,1340,3.93178,
1340,4.1,4.09,1340,4.03174,
1340,4.2,4.19,1340,4.12974,
1340,4.3,4.29,1340,4.2316,
1340,4.4,4.39,1340,4.33042,
1340,4.5,4.49,1340,4.42785,
1340,4.6,4.59,1340,4.52847,
1340,4.7,4.7,1340,4.63241,
1340,4.8,4.79,1340,4.72802,
1340,4.9,4.89,1340,4.83256,
1340,5,4.99,1340,4.92934,
1340,5.1,5.09,1340,5.02899,
1340,5.2,5.19,1340,5.13117,
1340,5.3,5.29,1340,5.23093,
1340,5.4,5.4,1340,5.33314,
1340,5.5,5.49,1340,5.43312,
1340,5.6,5.59,1340,5.5307,
1340,5.7,5.69,1340,5.63031,
1340,5.8,5.79,1340,5.73229,
1340,5.9,5.89,1340,5.83175,
1340,6,5.99,1340,5.93303,
1340,6.1,6.09,1340,6.03202,
1340,6.2,6.19,1340,6.13255,
1340,6.3,6.3,1340,6.23467,
1340,6.4,6.39,1340,6.33427,
1340,6.5,6.49,1340,6.43173,
1340,6.6,6.59,1340,6.53404,
1340,6.7,6.69,1340,6.63407,
1340,6.8,6.79,1340,6.73528,
1340,6.9,6.89,1340,6.83393,
1340,7,6.99,1340,6.93369,
1345,-6.9,-6.92,1345,-6.86869,
1345,-6.8,-6.86,1345,-6.81002,
1345,-6.7,-6.77,1345,-6.73718,
1345,-6.6,-6.64,1345,-6.59326,
1345,-6.5,-6.55,1345,-6.52102,
1345,-6.4,-6.42,1345,-6.38314,
1345,-6.3,-6.33,1345,-6.3193,
1345,-6.2,-6.28,1345,-6.25036,
1345,-6.1,-6.15,1345,-6.11921,
1345,-6,-6.01,1345,-5.99261,
1345,-5.9,-5.94,1345,-5.93135,
1345,-5.8,-5.83,1345,-5.81328,
1345,-5.7,-5.77,1345,-5.75166,
1345,-5.6,-5.66,1345,-5.63449,
1345,-5.5,-5.54,1345,-5.52107,
1345,-5.4,-5.43,1345,-5.41135,
1345,-5.3,-5.32,1345,-5.3054,
1345,-5.2,-5.26,1345,-5.25317,
1345,-5.1,-5.15,1345,-5.1499,
1345,-5,-5.04,1345,-5.04789,
1345,-4.9,-4.96,1345,-4.95138,
1345,-4.8,-4.84,1345,-4.85351,
1345,-4.7,-4.7,1345,-4.71174,
1345,-4.6,-4.62,1345,-4.61987,
1345,-4.5,-4.53,1345,-4.5312,
1345,-4.4,-4.44,1345,-4.44252,
1345,-4.3,-4.35,1345,-4.35612,
1345,-4.2,-4.22,1345,-4.23241,
1345,-4.1,-4.14,1345,-4.14935,
1345,-4,-4.02,1345,-4.028,
1345,-3.9,-3.94,1345,-3.9496,
1345,-3.8,-3.82,1345,-3.83677,
1345,-3.7,-3.75,1345,-3.76196,
1345,-3.6,-3.63,1345,-3.65069,
1345,-3.5,-3.53,1345,-3.54508,
1345,-3.4,-3.42,1345,-3.43951,
1345,-3.3,-3.32,1345,-3.33961,
1345,-3.2,-3.21,1345,-3.2377,
1345,-3.1,-3.11,1345,-3.13982,
1345,-3,-3.02,1345,-3.0441,
1345,-2.9,-2.92,1345,-2.95094,
1345,-2.8,-2.83,1345,-2.85836,
1345,-2.7,-2.71,1345,-2.73925,
1345,-2.6,-2.62,1345,-2.65247,
1345,-2.5,-2.51,1345,-2.53946,
1345,-2.4,-2.42,1345,-2.45542,
1345,-2.3,-2.31,1345,-2.34708,
1345,-2.2,-2.23,1345,-2.26766,
1345,-2.1,-2.12,1345,-2.16393,
1345,-2,-2.03,1345,-2.06156,
1345,-1.9,-1.93,1345,-1.96333,
1345,-1.8,-1.83,1345,-1.86546,
1345,-1.7,-1.71,1345,-1.7469,
1345,-1.6,-1.62,1345,-1.65416,
1345,-1.5,-1.52,1345,-1.56399,
1345,-1.4,-1.41,1345,-1.45295,
1345,-1.3,-1.33,1345,-1.36673,
1345,-1.2,-1.22,1345,-1.26016,
1345,-1.1,-1.11,1345,-1.15792,
1345,-1,-1.02,1345,-1.05676,
1345,-0.9,-0.91,1345,-0.958368,
1345,-0.8,-0.82,1345,-0.861818,
1345,-0.7,-0.72,1345,-0.768406,
1345,-0.6,-0.61,1345,-0.657071,
1345,-0.5,-0.52,1345,-0.567381,
1345,-0.4,-0.42,1345,-0.462237,
1345,-0.3,-0.31,1345,-0.359045,
1345,-0.2,-0.21,1345,-0.257927,
1345,-0.1,-0.11,1345,-0.159351,
1345,-8.13238e-15,-0.11,1345,-0.159268,
1345,0.1,0.08,1345,0.031459,
1345,0.2,0.19,1345,0.138509,
1345,0.3,0.29,1345,0.243744,
1345,0.4,0.38,1345,0.331555,
1345,0.5,0.48,1345,0.431303,
1345,0.6,0.58,1345,0.529351,
1345,0.7,0.69,1345,0.638754,
1345,0.8,0.79,1345,0.732075,
1345,0.9,0.89,1345,0.83662,
1345,1,0.99,1345,0.938547,
1345,1.1,1.09,1345,1.03825,
1345,1.2,1.19,1345,1.13582,
1345,1.3,1.28,1345,1.23099,
1345,1.4,1.39,1345,1.33587,
1345,1.5,1.49,1345,1.43798,
1345,1.6,1.6,1345,1.53842,
1345,1.7,1.69,1345,1.63605,
1345,1.8,1.79,1345,1.73178,
1345,1.9,1.89,1345,1.83583,
1345,2,1.99,1345,1.93694,
1345,2.1,2.09,1345,2.03593,
1345,2.2,2.19,1345,2.13293,
1345,2.3,2.29,1345,2.23667,
1345,2.4,2.39,1345,2.32935,
1345,2.5,2.49,1345,2.42914,
1345,2.6,2.59,1345,2.53477,
1345,2.7,2.69,1345,2.62999,
1345,2.8,2.79,1345,2.73184,
1345,2.9,2.89,1345,2.83109,
1345,3,2.99,1345,2.93621,
1345,3.1,3.09,1345,3.03089,
1345,3.2,3.19,1345,3.13091,
1345,3.3,3.29,1345,3.23631,
1345,3.4,3.39,1345,3.33215,
1345,3.5,3.49,1345,3.43285,
1345,3.6,3.59,1345,3.53117,
1345,3.7,3.69,1345,3.63377,
1345,3.8,3.79,1345,3.73485,
1345,3.9,3.89,1345,3.83317,
1345,4,3.99,1345,3.93582,
1345,4.1,4.09,1345,4.03576,
1345,4.2,4.19,1345,4.13379,
1345,4.3,4.29,1345,4.23545,
1345,4.4,4.39,1345,4.33446,
1345,4.5,4.49,1345,4.43175,
1345,4.6,4.59,1345,4.5325,
1345,4.7,4.7,1345,4.63626,
1345,4.8,4.79,1345,4.73223,
1345,4.9,4.9,1345,4.83662,
1345,5,4.99,1345,4.93337,
1345,5.1,5.09,1345,5.03283,
1345,5.2,5.19,1345,5.13486,
1345,5.3,5.29,1345,5.2348,
1345,5.4,5.4,1345,5.33701,
1345,5.5,5.49,1345,5.43684,
1345,5.6,5.59,1345,5.53463,
1345,5.7,5.69,1345,5.63461,
1345,5.8,5.79,1345,5.73621,
1345,5.9,5.89,1345,5.83571,
1345,6,5.99,1345,5.937,
1345,6.1,6.09,1345,6.03596,
1345,6.2,6.19,1345,6.13641,
1345,6.3,6.29,1345,6.23865,
1345,6.4,6.39,1345,6.33819,
1345,6.5,6.49,1345,6.43567,
1345,6.6,6.59,1345,6.538,
1345,6.7,6.69,1345,6.63792,
1345,6.8,6.8,1345,6.73905,
1345,6.9,6.89,1345,6.83781,
1345,7,6.99,1345,6.93759,
1350,-6.9,-6.94,1350,-6.87883,
1350,-6.8,-6.86,1350,-6.82029,
1350,-6.7,-6.78,1350,-6.74732,
1350,-6.6,-6.64,1350,-6.60323,
1350,-6.5,-6.56,1350,-6.53033,
1350,-6.4,-6.42,1350,-6.39227,
1350,-6.3,-6.33,1350,-6.32863,
1350,-6.2,-6.28,1350,-6.25902,
1350,-6.1,-6.15,1350,-6.12726,
1350,-6,-6.01,1350,-6.00068,
1350,-5.9,-5.96,1350,-5.93936,
1350,-5.8,-5.83,1350,-5.82042,
1350,-5.7,-5.77,1350,-5.75854,
1350,-5.6,-5.66,1350,-5.6419,
1350,-5.5,-5.54,1350,-5.52837,
1350,-5.4,-5.41,1350,-5.41789,
1350,-5.3,-5.32,1350,-5.31176,
1350,-5.2,-5.26,1350,-5.25984,
1350,-5.1,-5.16,1350,-5.15637,
1350,-5,-5.06,1350,-5.05382,
1350,-4.9,-4.96,1350,-4.95693,
1350,-4.8,-4.86,1350,-4.85911,
1350,-4.7,-4.71,1350,-4.71652,
1350,-4.6,-4.61,1350,-4.62491,
1350,-4.5,-4.53,1350,-4.53607,
1350,-4.4,-4.45,1350,-4.44713,
1350,-4.3,-4.35,1350,-4.36077,
1350,-4.2,-4.22,1350,-4.23663,
1350,-4.1,-4.14,1350,-4.15341,
1350,-4,-4.02,1350,-4.03183,
1350,-3.9,-3.94,1350,-3.95372,
1350,-3.8,-3.82,1350,-3.84052,
1350,-3.7,-3.75,1350,-3.76578,
1350,-3.6,-3.63,1350,-3.65417,
1350,-3.5,-3.53,1350,-3.54819,
1350,-3.4,-3.42,1350,-3.44263,
1350,-3.3,-3.32,1350,-3.34272,
1350,-3.2,-3.21,1350,-3.24049,
1350,-3.1,-3.12,1350,-3.14263,
1350,-3,-3.01,1350,-3.04675,
1350,-2.9,-2.92,1350,-2.95342,
1350,-2.8,-2.83,1350,-2.86067,
1350,-2.7,-2.71,1350,-2.74173,
1350,-2.6,-2.62,1350,-2.65457,
1350,-2.5,-2.51,1350,-2.54125,
1350,-2.4,-2.42,1350,-2.45718,
1350,-2.3,-2.31,1350,-2.34869,
1350,-2.2,-2.23,1350,-2.26926,
1350,-2.1,-2.13,1350,-2.16533,
1350,-2,-2.03,1350,-2.06305,
1350,-1.9,-1.93,1350,-1.96444,
1350,-1.8,-1.83,1350,-1.86669,
1350,-1.7,-1.71,1350,-1.74806,
1350,-1.6,-1.62,1350,-1.65524,
1350,-1.5,-1.52,1350,-1.56492,
1350,-1.4,-1.41,1350,-1.45396,
1350,-1.3,-1.33,1350,-1.36759,
1350,-1.2,-1.22,1350,-1.26102,
1350,-1.1,-1.11,1350,-1.15859,
1350,-1,-1.01,1350,-1.05757,
1350,-0.9,-0.91,1350,-0.958725,
1350,-0.8,-0.82,1350,-0.862233,
1350,-0.7,-0.73,1350,-0.768472,
1350,-0.6,-0.61,1350,-0.657361,
1350,-0.5,-0.52,1350,-0.567554,
1350,-0.4,-0.42,1350,-0.462312,
1350,-0.3,-0.31,1350,-0.358956,
1350,-0.2,-0.21,1350,-0.257918,
1350,-0.1,-0.11,1350,-0.159227,
1350,-8.13238e-15,-0.11,1350,-0.159172,
1350,0.1,0.08,1350,0.0317608,
1350,0.2,0.19,1350,0.138816,
1350,0.3,0.29,1350,0.243999,
1350,0.4,0.38,1350,0.331925,
1350,0.5,0.48,1350,0.431763,
1350,0.6,0.58,1350,0.529831,
1350,0.7,0.69,1350,0.639264,
1350,0.8,0.78,1350,0.732791,
1350,0.9,0.89,1350,0.837147,
1350,1,0.99,1350,0.939296,
1350,1.1,1.09,1350,1.03891,
1350,1.2,1.19,1350,1.1365,
1350,1.3,1.28,1350,1.23159,
1350,1.4,1.39,1350,1.33673,
1350,1.5,1.49,1350,1.43888,
1350,1.6,1.59,1350,1.53913,
1350,1.7,1.69,1350,1.63688,
1350,1.8,1.79,1350,1.73275,
1350,1.9,1.89,1350,1.8368,
1350,2,1.99,1350,1.93782,
1350,2.1,2.09,1350,2.03688,
1350,2.2,2.19,1350,2.13405,
1350,2.3,2.29,1350,2.23781,
1350,2.4,2.39,1350,2.33056,
1350,2.5,2.49,1350,2.43035,
1350,2.6,2.59,1350,2.53619,
1350,2.7,2.69,1350,2.63121,
1350,2.8,2.79,1350,2.73317,
1350,2.9,2.89,1350,2.83264,
1350,3,3,1350,2.9376,
1350,3.1,3.09,1350,3.03236,
1350,3.2,3.19,1350,3.13223,
1350,3.3,3.29,1350,3.23775,
1350,3.4,3.39,1350,3.33354,
1350,3.5,3.49,1350,3.43431,
1350,3.6,3.59,1350,3.53276,
1350,3.7,3.69,1350,3.63544,
1350,3.8,3.79,1350,3.73654,
1350,3.9,3.89,1350,3.83478,
1350,4,3.99,1350,3.93744,
1350,4.1,4.09,1350,4.03746,
1350,4.2,4.19,1350,4.13575,
1350,4.3,4.29,1350,4.23728,
1350,4.4,4.39,1350,4.33629,
1350,4.5,4.49,1350,4.43367,
1350,4.6,4.59,1350,4.53431,
1350,4.7,4.69,1350,4.6381,
1350,4.8,4.79,1350,4.73396,
1350,4.9,4.9,1350,4.83838,
1350,5,4.99,1350,4.93523,
1350,5.1,5.09,1350,5.0348,
1350,5.2,5.19,1350,5.13685,
1350,5.3,5.29,1350,5.23688,
1350,5.4,5.4,1350,5.33913,
1350,5.5,5.49,1350,5.43895,
1350,5.6,5.59,1350,5.53671,
1350,5.7,5.69,1350,5.63628,
1350,5.8,5.79,1350,5.73831,
1350,5.9,5.89,1350,5.83791,
1350,6,5.99,1350,5.93908,
1350,6.1,6.09,1350,6.03801,
1350,6.2,6.19,1350,6.13867,
1350,6.3,6.29,1350,6.24066,
1350,6.4,6.39,1350,6.3404,
1350,6.5,6.49,1350,6.43779,
1350,6.6,6.59,1350,6.54035,
1350,6.7,6.69,1350,6.64012,
1350,6.8,6.79,1350,6.74132,
1350,6.9,6.89,1350,6.84027,
1350,7,6.99,1350,6.94002,
1355,-6.9,-6.92,1355,-6.88052,
1355,-6.8,-6.86,1355,-6.82808,
1355,-6.7,-6.78,1355,-6.75425,
1355,-6.6,-6.64,1355,-6.61046,
1355,-6.5,-6.56,1355,-6.53692,
1355,-6.4,-6.4,1355,-6.39838,
1355,-6.3,-6.33,1355,-6.33447,
1355,-6.2,-6.28,1355,-6.26489,
1355,-6.1,-6.15,1355,-6.1329,
1355,-6,-6.01,1355,-6.00619,
1355,-5.9,-5.96,1355,-5.94549,
1355,-5.8,-5.83,1355,-5.82594,
1355,-5.7,-5.77,1355,-5.76419,
1355,-5.6,-5.66,1355,-5.64676,
1355,-5.5,-5.54,1355,-5.53323,
1355,-5.4,-5.43,1355,-5.42244,
1355,-5.3,-5.32,1355,-5.3161,
1355,-5.2,-5.26,1355,-5.26375,
1355,-5.1,-5.15,1355,-5.16064,
1355,-5,-5.06,1355,-5.05789,
1355,-4.9,-4.96,1355,-4.9608,
1355,-4.8,-4.86,1355,-4.86281,
1355,-4.7,-4.71,1355,-4.72015,
1355,-4.6,-4.62,1355,-4.62865,
1355,-4.5,-4.53,1355,-4.53918,
1355,-4.4,-4.44,1355,-4.4506,
1355,-4.3,-4.34,1355,-4.364,
1355,-4.2,-4.22,1355,-4.23972,
1355,-4.1,-4.14,1355,-4.15643,
1355,-4,-4.02,1355,-4.03487,
1355,-3.9,-3.94,1355,-3.95623,
1355,-3.8,-3.82,1355,-3.843,
1355,-3.7,-3.75,1355,-3.76797,
1355,-3.6,-3.63,1355,-3.65667,
1355,-3.5,-3.53,1355,-3.55066,
1355,-3.4,-3.42,1355,-3.44517,
1355,-3.3,-3.32,1355,-3.34429,
1355,-3.2,-3.21,1355,-3.24231,
1355,-3.1,-3.12,1355,-3.14474,
1355,-3,-3.01,1355,-3.04852,
1355,-2.9,-2.92,1355,-2.95553,
1355,-2.8,-2.83,1355,-2.86236,
1355,-2.7,-2.71,1355,-2.74334,
1355,-2.6,-2.62,1355,-2.6561,
1355,-2.5,-2.51,1355,-2.54253,
1355,-2.4,-2.42,1355,-2.45867,
1355,-2.3,-2.31,1355,-2.35004,
1355,-2.2,-2.23,1355,-2.27062,
1355,-2.1,-2.13,1355,-2.16686,
1355,-2,-2.03,1355,-2.06399,
1355,-1.9,-1.93,1355,-1.96547,
1355,-1.8,-1.83,1355,-1.86762,
1355,-1.7,-1.71,1355,-1.74876,
1355,-1.6,-1.62,1355,-1.65598,
1355,-1.5,-1.52,1355,-1.56559,
1355,-1.4,-1.41,1355,-1.45424,
1355,-1.3,-1.33,1355,-1.36813,
1355,-1.2,-1.22,1355,-1.26149,
1355,-1.1,-1.12,1355,-1.15883,
1355,-1,-1.01,1355,-1.05768,
1355,-0.9,-0.91,1355,-0.959095,
1355,-0.8,-0.82,1355,-0.862281,
1355,-0.7,-0.72,1355,-0.768604,
1355,-0.6,-0.61,1355,-0.657163,
1355,-0.5,-0.52,1355,-0.567576,
1355,-0.4,-0.41,1355,-0.461968,
1355,-0.3,-0.31,1355,-0.358867,
1355,-0.2,-0.21,1355,-0.257402,
1355,-0.1,-0.11,1355,-0.158967,
1355,-8.13238e-15,-0.11,1355,-0.158817,
1355,0.1,0.08,1355,0.0321574,
1355,0.2,0.19,1355,0.139309,
1355,0.3,0.29,1355,0.244549,
1355,0.4,0.38,1355,0.332355,
1355,0.5,0.48,1355,0.432345,
1355,0.6,0.58,1355,0.530519,
1355,0.7,0.69,1355,0.639965,
1355,0.8,0.79,1355,0.733502,
1355,0.9,0.89,1355,0.837842,
1355,1,0.99,1355,0.940282,
1355,1.1,1.09,1355,1.03971,
1355,1.2,1.19,1355,1.13745,
1355,1.3,1.28,1355,1.23269,
1355,1.4,1.39,1355,1.33786,
1355,1.5,1.49,1355,1.43996,
1355,1.6,1.59,1355,1.54052,
1355,1.7,1.69,1355,1.63802,
1355,1.8,1.79,1355,1.73408,
1355,1.9,1.89,1355,1.83798,
1355,2,1.99,1355,1.93921,
1355,2.1,2.09,1355,2.03835,
1355,2.2,2.19,1355,2.13551,
1355,2.3,2.29,1355,2.23935,
1355,2.4,2.38,1355,2.33201,
1355,2.5,2.49,1355,2.43162,
1355,2.6,2.59,1355,2.53753,
1355,2.7,2.69,1355,2.63257,
1355,2.8,2.79,1355,2.73456,
1355,2.9,2.89,1355,2.83398,
1355,3,3,1355,2.93923,
1355,3.1,3.09,1355,3.03396,
1355,3.2,3.19,1355,3.13385,
1355,3.3,3.29,1355,3.23916,
1355,3.4,3.39,1355,3.33528,
1355,3.5,3.49,1355,3.43608,
1355,3.6,3.59,1355,3.53435,
1355,3.7,3.69,1355,3.63722,
1355,3.8,3.79,1355,3.73814,
1355,3.9,3.89,1355,3.83642,
1355,4,3.99,1355,3.93922,
1355,4.1,4.09,1355,4.03916,
1355,4.2,4.19,1355,4.13731,
1355,4.3,4.29,1355,4.23904,
1355,4.4,4.39,1355,4.33821,
1355,4.5,4.49,1355,4.43533,
1355,4.6,4.59,1355,4.53621,
1355,4.7,4.7,1355,4.63968,
1355,4.8,4.79,1355,4.73584,
1355,4.9,4.89,1355,4.84022,
1355,5,4.99,1355,4.93689,
1355,5.1,5.09,1355,5.0367,
1355,5.2,5.19,1355,5.13858,
1355,5.3,5.29,1355,5.23882,
1355,5.4,5.4,1355,5.34107,
1355,5.5,5.49,1355,5.44083,
1355,5.6,5.59,1355,5.53873,
1355,5.7,5.69,1355,5.63815,
1355,5.8,5.79,1355,5.74042,
1355,5.9,5.89,1355,5.83978,
1355,6,5.99,1355,5.9412,
1355,6.1,6.09,1355,6.04,
1355,6.2,6.19,1355,6.14068,
1355,6.3,6.29,1355,6.24271,
1355,6.4,6.39,1355,6.34245,
1355,6.5,6.49,1355,6.43994,
1355,6.6,6.59,1355,6.54212,
1355,6.7,6.69,1355,6.64198,
1355,6.8,6.79,1355,6.74328,
1355,6.9,6.89,1355,6.8422,
1355,7,6.99,1355,6.94198,
1360,-6.9,-6.92,1360,-6.86583,
1360,-6.8,-6.86,1360,-6.81008,
1360,-6.7,-6.78,1360,-6.73699,
1360,-6.6,-6.64,1360,-6.59246,
1360,-6.5,-6.56,1360,-6.51921,
1360,-6.4,-6.42,1360,-6.38083,
1360,-6.3,-6.37,1360,-6.31741,
1360,-6.2,-6.28,1360,-6.24713,
1360,-6.1,-6.15,1360,-6.11592,
1360,-6,-6.02,1360,-5.98914,
1360,-5.9,-5.96,1360,-5.92821,
1360,-5.8,-5.83,1360,-5.80896,
1360,-5.7,-5.76,1360,-5.74756,
1360,-5.6,-5.66,1360,-5.63078,
1360,-5.5,-5.54,1360,-5.51737,
1360,-5.4,-5.43,1360,-5.40668,
1360,-5.3,-5.32,1360,-5.30059,
1360,-5.2,-5.26,1360,-5.24835,
1360,-5.1,-5.16,1360,-5.14492,
1360,-5,-5.06,1360,-5.04279,
1360,-4.9,-4.96,1360,-4.94541,
1360,-4.8,-4.86,1360,-4.84753,
1360,-4.7,-4.71,1360,-4.70534,
1360,-4.6,-4.62,1360,-4.61398,
1360,-4.5,-4.53,1360,-4.52452,
1360,-4.4,-4.44,1360,-4.43563,
1360,-4.3,-4.35,1360,-4.34894,
1360,-4.2,-4.22,1360,-4.2248,
1360,-4.1,-4.14,1360,-4.14193,
1360,-4,-4.02,1360,-4.02016,
1360,-3.9,-3.94,1360,-3.9419,
1360,-3.8,-3.82,1360,-3.82889,
1360,-3.7,-3.75,1360,-3.75393,
1360,-3.6,-3.63,1360,-3.6427,
1360,-3.5,-3.53,1360,-3.53676,
1360,-3.4,-3.42,1360,-3.43114,
1360,-3.3,-3.32,1360,-3.33137,
1360,-3.2,-3.21,1360,-3.22898,
1360,-3.1,-3.12,1360,-3.13109,
1360,-3,-3.02,1360,-3.03503,
1360,-2.9,-2.92,1360,-2.94167,
1360,-2.8,-2.84,1360,-2.84901,
1360,-2.7,-2.71,1360,-2.72983,
1360,-2.6,-2.62,1360,-2.64289,
1360,-2.5,-2.52,1360,-2.52951,
1360,-2.4,-2.42,1360,-2.44561,
1360,-2.3,-2.31,1360,-2.33676,
1360,-2.2,-2.24,1360,-2.25727,
1360,-2.1,-2.13,1360,-2.1534,
1360,-2,-2.03,1360,-2.05103,
1360,-1.9,-1.93,1360,-1.95256,
1360,-1.8,-1.83,1360,-1.85483,
1360,-1.7,-1.71,1360,-1.73602,
1360,-1.6,-1.62,1360,-1.64313,
1360,-1.5,-1.53,1360,-1.55284,
1360,-1.4,-1.41,1360,-1.44186,
1360,-1.3,-1.33,1360,-1.35528,
1360,-1.2,-1.22,1360,-1.24874,
1360,-1.1,-1.11,1360,-1.1463,
1360,-1,-1.01,1360,-1.04527,
1360,-0.9,-0.91,1360,-0.946462,
1360,-0.8,-0.82,1360,-0.849962,
1360,-0.7,-0.73,1360,-0.756531,
1360,-0.6,-0.61,1360,-0.644606,
1360,-0.5,-0.52,1360,-0.555573,
1360,-0.4,-0.42,1360,-0.45008,
1360,-0.3,-0.31,1360,-0.346684,
1360,-0.2,-0.21,1360,-0.245345,
1360,-0.1,-0.11,1360,-0.146694,
1360,-8.13238e-15,-0.11,1360,-0.146738,
1360,0.1,0.08,1360,0.0441295,
1360,0.2,0.19,1360,0.151023,
1360,0.3,0.29,1360,0.256323,
1360,0.4,0.38,1360,0.344371,
1360,0.5,0.48,1360,0.444265,
1360,0.6,0.58,1360,0.542199,
1360,0.7,0.69,1360,0.651732,
1360,0.8,0.78,1360,0.745078,
1360,0.9,0.89,1360,0.849379,
1360,1,0.99,1360,0.951774,
1360,1.1,1.09,1360,1.05136,
1360,1.2,1.19,1360,1.1489,
1360,1.3,1.28,1360,1.24406,
1360,1.4,1.39,1360,1.34912,
1360,1.5,1.49,1360,1.4513,
1360,1.6,1.6,1360,1.55191,
1360,1.7,1.69,1360,1.64943,
1360,1.8,1.79,1360,1.7453,
1360,1.9,1.89,1360,1.84944,
1360,2,1.99,1360,1.95044,
1360,2.1,2.09,1360,2.04948,
1360,2.2,2.19,1360,2.14665,
1360,2.3,2.29,1360,2.2503,
1360,2.4,2.39,1360,2.34311,
1360,2.5,2.48,1360,2.44285,
1360,2.6,2.59,1360,2.54904,
1360,2.7,2.69,1360,2.64403,
1360,2.8,2.79,1360,2.74582,
1360,2.9,2.89,1360,2.845,
1360,3,3,1360,2.95005,
1360,3.1,3.09,1360,3.04487,
1360,3.2,3.19,1360,3.14477,
1360,3.3,3.3,1360,3.25016,
1360,3.4,3.39,1360,3.34625,
1360,3.5,3.49,1360,3.44698,
1360,3.6,3.59,1360,3.54529,
1360,3.7,3.69,1360,3.64775,
1360,3.8,3.79,1360,3.74907,
1360,3.9,3.89,1360,3.8474,
1360,4,3.99,1360,3.94995,
1360,4.1,4.09,1360,4.04985,
1360,4.2,4.19,1360,4.14824,
1360,4.3,4.29,1360,4.24982,
1360,4.4,4.39,1360,4.34893,
1360,4.5,4.49,1360,4.44607,
1360,4.6,4.59,1360,4.54701,
1360,4.7,4.69,1360,4.65077,
1360,4.8,4.79,1360,4.74665,
1360,4.9,4.9,1360,4.85102,
1360,5,4.99,1360,4.94778,
1360,5.1,5.09,1360,5.04737,
1360,5.2,5.19,1360,5.14929,
1360,5.3,5.29,1360,5.24945,
1360,5.4,5.4,1360,5.35152,
1360,5.5,5.49,1360,5.45163,
1360,5.6,5.59,1360,5.54922,
1360,5.7,5.69,1360,5.64893,
1360,5.8,5.79,1360,5.75076,
1360,5.9,5.89,1360,5.85026,
1360,6,5.99,1360,5.95146,
1360,6.1,6.09,1360,6.05029,
1360,6.2,6.19,1360,6.15113,
1360,6.3,6.3,1360,6.2532,
1360,6.4,6.4,1360,6.3529,
1360,6.5,6.49,1360,6.45039,
1360,6.6,6.6,1360,6.55254,
1360,6.7,6.69,1360,6.65268,
1360,6.8,6.8,1360,6.75388,
1360,6.9,6.89,1360,6.85296,
1360,7,6.99,1360,6.95237,
1360,-6.9,-6.92,1365,-6.88666,
1360,-6.8,-6.86,1365,-6.82768,
1360,-6.7,-6.78,1365,-6.75508,
1360,-6.6,-6.64,1365,-6.6106,
1360,-6.5,-6.56,1365,-6.53754,
1360,-6.4,-6.42,1365,-6.39953,
1360,-6.3,-6.35,1365,-6.33582,
1360,-6.2,-6.28,1365,-6.26629,
1360,-6.1,-6.13,1365,-6.13481,
1360,-6,-6.02,1365,-6.00774,
1360,-5.9,-5.96,1365,-5.94626,
1360,-5.8,-5.83,1365,-5.82793,
1360,-5.7,-5.77,1365,-5.76582,
1360,-5.6,-5.64,1365,-5.6492,
1360,-5.5,-5.54,1365,-5.53573,
1360,-5.4,-5.43,1365,-5.42522,
1360,-5.3,-5.32,1365,-5.31898,
1360,-5.2,-5.26,1365,-5.26679,
1360,-5.1,-5.17,1365,-5.1631,
1360,-5,-5.06,1365,-5.06078,
1360,-4.9,-4.96,1365,-4.96378,
1360,-4.8,-4.86,1365,-4.86587,
1360,-4.7,-4.71,1365,-4.7239,
1360,-4.6,-4.62,1365,-4.63214,
1360,-4.5,-4.53,1365,-4.54331,
1360,-4.4,-4.44,1365,-4.45442,
1360,-4.3,-4.35,1365,-4.36814,
1360,-4.2,-4.22,1365,-4.24372,
1360,-4.1,-4.14,1365,-4.16041,
1360,-4,-4.02,1365,-4.03861,
1360,-3.9,-3.94,1365,-3.96049,
1360,-3.8,-3.82,1365,-3.8468,
1360,-3.7,-3.76,1365,-3.77224,
1360,-3.6,-3.63,1365,-3.66069,
1360,-3.5,-3.53,1365,-3.55498,
1360,-3.4,-3.42,1365,-3.44929,
1360,-3.3,-3.32,1365,-3.34924,
1360,-3.2,-3.21,1365,-3.24716,
1360,-3.1,-3.12,1365,-3.14935,
1360,-3,-3.02,1365,-3.05359,
1360,-2.9,-2.92,1365,-2.96024,
1360,-2.8,-2.83,1365,-2.8672,
1360,-2.7,-2.71,1365,-2.74836,
1360,-2.6,-2.62,1365,-2.66111,
1360,-2.5,-2.51,1365,-2.54808,
1360,-2.4,-2.42,1365,-2.46378,
1360,-2.3,-2.31,1365,-2.35546,
1360,-2.2,-2.23,1365,-2.27564,
1360,-2.1,-2.13,1365,-2.17182,
1360,-2,-2.03,1365,-2.06987,
1360,-1.9,-1.93,1365,-1.97116,
1360,-1.8,-1.83,1365,-1.87367,
1360,-1.7,-1.71,1365,-1.75466,
1360,-1.6,-1.62,1365,-1.6619,
1360,-1.5,-1.52,1365,-1.57158,
1360,-1.4,-1.41,1365,-1.46049,
1360,-1.3,-1.33,1365,-1.37415,
1360,-1.2,-1.22,1365,-1.26748,
1360,-1.1,-1.11,1365,-1.16462,
1360,-1,-1.01,1365,-1.06403,
1360,-0.9,-0.91,1365,-0.965265,
1360,-0.8,-0.82,1365,-0.868556,
1360,-0.7,-0.72,1365,-0.774952,
1360,-0.6,-0.61,1365,-0.663856,
1360,-0.5,-0.52,1365,-0.573973,
1360,-0.4,-0.41,1365,-0.468817,
1360,-0.3,-0.31,1365,-0.365418,
1360,-0.2,-0.21,1365,-0.263973,
1360,-0.1,-0.11,1365,-0.165481,
1360,-8.13238e-15,-0.11,1365,-0.165425,
1360,0.1,0.08,1365,0.0253797,
1360,0.2,0.19,1365,0.13241,
1360,0.3,0.29,1365,0.237856,
1360,0.4,0.38,1365,0.325704,
1360,0.5,0.48,1365,0.425507,
1360,0.6,0.58,1365,0.523599,
1360,0.7,0.69,1365,0.633135,
1360,0.8,0.79,1365,0.726605,
1360,0.9,0.89,1365,0.831079,
1360,1,0.99,1365,0.933163,
1360,1.1,1.09,1365,1.03293,
1360,1.2,1.19,1365,1.13059,
1360,1.3,1.28,1365,1.2255,
1360,1.4,1.39,1365,1.33071,
1360,1.5,1.49,1365,1.43281,
1360,1.6,1.59,1365,1.53333,
1360,1.7,1.69,1365,1.63081,
1360,1.8,1.79,1365,1.72658,
1360,1.9,1.89,1365,1.83086,
1360,2,1.99,1365,1.93202,
1360,2.1,2.09,1365,2.03113,
1360,2.2,2.19,1365,2.12799,
1360,2.3,2.29,1365,2.23178,
1360,2.4,2.39,1365,2.32439,
1360,2.5,2.49,1365,2.42432,
1360,2.6,2.59,1365,2.53025,
1360,2.7,2.69,1365,2.62533,
1360,2.8,2.79,1365,2.72713,
1360,2.9,2.89,1365,2.82659,
1360,3,2.99,1365,2.93148,
1360,3.1,3.09,1365,3.02635,
1360,3.2,3.19,1365,3.1263,
1360,3.3,3.29,1365,3.23155,
1360,3.4,3.39,1365,3.32756,
1360,3.5,3.49,1365,3.42855,
1360,3.6,3.59,1365,3.5267,
1360,3.7,3.69,1365,3.62935,
1360,3.8,3.79,1365,3.73034,
1360,3.9,3.89,1365,3.82876,
1360,4,4,1365,3.93161,
1360,4.1,4.09,1365,4.03135,
1360,4.2,4.19,1365,4.12951,
1360,4.3,4.29,1365,4.23131,
1360,4.4,4.39,1365,4.33031,
1360,4.5,4.49,1365,4.42764,
1360,4.6,4.59,1365,4.52834,
1360,4.7,4.69,1365,4.63208,
1360,4.8,4.79,1365,4.72789,
1360,4.9,4.89,1365,4.8325,
1360,5,4.99,1365,4.92932,
1360,5.1,5.09,1365,5.0288,
1360,5.2,5.19,1365,5.13076,
1360,5.3,5.29,1365,5.23082,
1360,5.4,5.4,1365,5.33306,
1360,5.5,5.5,1365,5.43283,
1360,5.6,5.59,1365,5.53078,
1360,5.7,5.69,1365,5.6306,
1360,5.8,5.79,1365,5.73236,
1360,5.9,5.89,1365,5.83184,
1360,6,5.99,1365,5.93336,
1360,6.1,6.09,1365,6.03193,
1360,6.2,6.19,1365,6.1325,
1360,6.3,6.3,1365,6.23466,
1360,6.4,6.39,1365,6.33433,
1360,6.5,6.49,1365,6.43182,
1360,6.6,6.59,1365,6.53421,
1360,6.7,6.69,1365,6.63426,
1360,6.8,6.8,1365,6.73528,
1360,6.9,6.89,1365,6.83397,
1360,7,6.99,1365,6.93391,
