T100 WAVELENGTH,T100 POWER,BRISTOL WAVELENGTH,BRISTOL POWER,POWER METER POWER
1465,-0.04,1465.1019,-0.390,+6.33725200E-010
1465.1,-0.04,1465.2025,-0.460,+6.33829700E-010
1465.2,-0.04,1465.3030,-0.340,+6.33761700E-010
1465.3,-0.04,1465.3988,-0.240,+6.37033800E-010
1465.4,-0.04,1465.4953,-0.280,+6.37289900E-010
1465.5,-0.04,1465.6008,-0.320,+6.37206600E-010
1465.6,-0.04,1465.6999,-0.300,+6.37298800E-010
1465.7,-0.04,1465.7980,-0.370,+6.36911200E-010
1465.8,-0.04,1465.8916,-0.310,+6.36513100E-010
1465.9,-0.04,1465.9916,-0.280,+6.37019500E-010
1466,-0.04,1466.0917,-0.270,+6.37048100E-010
1466.1,-0.05,1466.1908,-0.410,+6.36277000E-010
1466.2,-0.04,1466.2906,-0.570,+6.36749000E-010
1466.3,-0.04,1466.3897,-0.350,+6.37230400E-010
1466.4,-0.05,1466.4887,-0.260,+6.36772900E-010
1466.5,-0.05,1466.5883,-0.310,+6.36749500E-010
1466.6,-0.04,1466.6861,-0.340,+6.36584500E-010
1466.7,-0.05,1466.7855,-0.390,+6.36685800E-010
1466.8,-0.04,1466.8812,-0.340,+6.34749400E-010
1466.9,-0.05,1466.9802,-0.290,+6.33289500E-010
1467,-0.04,1467.0825,-0.290,+6.30460500E-010
1467.1,-0.04,1467.1882,-0.310,+6.34304200E-010
1467.2,-0.04,1467.2877,-0.290,+6.35737500E-010
1467.3,-0.04,1467.3869,-0.330,+6.36102900E-010
1467.4,-0.04,1467.4861,-0.370,+6.33206200E-010
1467.5,-0.04,1467.5847,-0.380,+6.35091600E-010
1467.6,-0.04,1467.6834,-0.360,+6.33663200E-010
1467.7,-0.04,1467.7830,-0.310,+6.37510400E-010
1467.8,-0.04,1467.8802,-0.290,+6.38423900E-010
1467.9,-0.05,1467.9784,-0.450,+6.37991700E-010
1468,-0.05,1468.0816,-0.420,+6.38292700E-010
1468.1,-0.04,1468.1825,-0.410,+6.37706200E-010
1468.2,-0.04,1468.2812,-0.290,+6.38163400E-010
1468.3,-0.04,1468.3772,-0.300,+6.37709100E-010
1468.4,-0.05,1468.4770,-0.340,+6.37824100E-010
1468.5,-0.04,1468.5769,-0.350,+6.37592600E-010
1468.6,-0.05,1468.6748,-0.370,+6.37589300E-010
1468.7,-0.05,1468.7722,-0.310,+6.37963200E-010
1468.8,-0.05,1468.8742,-0.310,+6.37638700E-010
1468.9,-0.05,1468.9725,-0.340,+6.37940700E-010
1469,-0.05,1469.0702,-0.410,+6.37782200E-010
1469.1,-0.05,1469.1692,-0.450,+6.37697500E-010
1469.2,-0.05,1469.2692,-0.330,+6.37318100E-010
1469.3,-0.05,1469.3665,-0.290,+6.37512400E-010
1469.4,-0.05,1469.4656,-0.370,+6.37592400E-010
1469.5,-0.05,1469.5678,-0.330,+6.37823600E-010
1469.6,-0.04,1469.6718,-0.360,+6.37665000E-010
1469.7,-0.05,1469.7730,-0.390,+6.37384000E-010
1469.8,-0.05,1469.8704,-0.360,+6.37863400E-010
1469.9,-0.05,1469.9682,-0.340,+6.37382800E-010
1470,-0.05,1470.0669,-0.330,+6.37406800E-010
1470,-0.05,1470.0666,-0.270,+6.37147500E-010
1470,-0.05,1470.0665,-0.370,+6.37233300E-010
1470,-0.05,1470.0663,-0.350,+6.37555300E-010
1470,-0.04,1470.0663,-0.360,+6.37056400E-010
1470,-0.05,1470.0663,-0.340,+6.36424500E-010
1470,-0.04,1470.0662,-0.300,+6.36530400E-010
1470,-0.05,1470.0662,-0.310,+6.36309100E-010
1470,-0.04,1470.0661,-0.350,+6.36578300E-010
1470,-0.05,1470.0661,-0.300,+6.36325300E-010
1470,-0.04,1470.0660,-0.340,+6.36123100E-010
1470,-0.04,1470.0660,-0.350,+6.36904600E-010
1470,-0.04,1470.0660,-0.330,+6.36081200E-010
1470,-0.04,1470.0660,-0.310,+6.35961200E-010
1470,-0.04,1470.0659,-0.340,+6.36318800E-010
1470,-0.05,1470.0659,-0.290,+6.36089000E-010
1470,-0.04,1470.0659,-0.280,+6.35819500E-010
1470,-0.04,1470.0658,-0.330,+6.36058800E-010
1470,-0.04,1470.0658,-0.330,+6.35580500E-010
1470,-0.04,1470.0658,-0.280,+6.35916700E-010
1470,-0.04,1470.0657,-0.330,+6.35941000E-010
1470,-0.04,1470.0657,-0.330,+6.35539000E-010
1470,-0.04,1470.0657,-0.320,+6.35897300E-010
1470,-0.05,1470.0656,-0.310,+6.35570000E-010
1470,-0.04,1470.0656,-0.370,+6.35444900E-010
1470,-0.04,1470.0656,-0.310,+6.35510500E-010
1470,-0.05,1470.0656,-0.330,+6.35425500E-010
1470,-0.05,1470.0655,-0.310,+6.35780600E-010
1470,-0.05,1470.0655,-0.330,+6.35409200E-010
1470,-0.05,1470.0655,-0.330,+6.35146100E-010
1470,-0.05,1470.0654,-0.340,+6.35562300E-010
1470,-0.05,1470.0654,-0.290,+6.35675200E-010
1470,-0.05,1470.0654,-0.320,+6.36032500E-010
1470,-0.05,1470.0653,-0.340,+6.35919000E-010
1470,-0.05,1470.0653,-0.340,+6.35369500E-010
1470,-0.05,1470.0653,-0.290,+6.35407700E-010
1470,-0.05,1470.0652,-0.360,+6.35158400E-010
1470,-0.05,1470.0652,-0.320,+6.35550400E-010
1470,-0.04,1470.0652,-0.380,+6.35441100E-010
1470,-0.04,1470.0651,-0.340,+6.35568800E-010
1470,-0.05,1470.0651,-0.290,+6.35144700E-010
1470,-0.05,1470.0651,-0.340,+6.35661700E-010
1470,-0.05,1470.0650,-0.290,+6.35148800E-010
1470,-0.05,1470.0650,-0.320,+6.35615200E-010
1470,-0.05,1470.0650,-0.340,+6.35466700E-010
1470,-0.04,1470.0649,-0.370,+6.35209600E-010
1470,-0.04,1470.0649,-0.290,+6.35373900E-010
1470,-0.04,1470.0648,-0.340,+6.35220200E-010
1470,-0.05,1470.0648,-0.340,+6.34930400E-010
1470,-0.04,1470.0648,-0.360,+6.35181000E-010
1470,-0.04,1470.0647,-0.290,+6.35377800E-010
1470,-0.05,1470.0647,-0.290,+6.34956600E-010
1470,-0.04,1470.0647,-0.290,+6.35226000E-010
1470,-0.04,1470.0646,-0.310,+6.34923900E-010
1470,-0.04,1470.0646,-0.340,+6.35420400E-010
1470,-0.05,1470.0646,-0.380,+6.35274100E-010
1470,-0.05,1470.0645,-0.290,+6.35247700E-010
1470,-0.05,1470.0645,-0.290,+6.35144500E-010
1470,-0.04,1470.0644,-0.320,+6.34385800E-010
1470,-0.04,1470.0644,-0.340,+6.34740300E-010
1470,-0.04,1470.0644,-0.360,+6.34856900E-010
1470,-0.04,1470.0643,-0.340,+6.34963700E-010
1470,-0.04,1470.0643,-0.350,+6.34953500E-010
1470,-0.04,1470.0642,-0.320,+6.34750100E-010
1470,-0.05,1470.0642,-0.370,+6.34631600E-010
1470,-0.05,1470.0642,-0.340,+6.34324000E-010
1470,-0.05,1470.0641,-0.330,+6.34796500E-010
1470,-0.04,1470.0641,-0.320,+6.33884400E-010
1470,-0.05,1470.0640,-0.350,+6.34828700E-010
1470,-0.05,1470.0640,-0.330,+6.34220600E-010
1470,-0.05,1470.0640,-0.350,+6.33935200E-010
1470,-0.05,1470.0639,-0.320,+6.34181500E-010
1470,-0.05,1470.0639,-0.350,+6.33847600E-010
1470,-0.05,1470.0638,-0.360,+6.33794500E-010
1470,-0.05,1470.0638,-0.400,+6.33515600E-010
1470,-0.05,1470.0638,-0.360,+6.33732300E-010
1470,-0.05,1470.0637,-0.350,+6.33514200E-010
1470,-0.05,1470.0637,-0.350,+6.33362400E-010
1470,-0.05,1470.0637,-0.400,+6.33038400E-010
1470,-0.05,1470.0636,-0.310,+6.32975800E-010
1470,-0.05,1470.0636,-0.360,+6.33178700E-010
1470,-0.05,1470.0635,-0.350,+6.32802400E-010
1470,-0.04,1470.0635,-0.380,+6.33020200E-010
1470,-0.05,1470.0634,-0.330,+6.33543400E-010
1470,-0.05,1470.0634,-0.330,+6.33076900E-010
1470,-0.04,1470.0633,-0.350,+6.32654600E-010
1470,-0.05,1470.0633,-0.400,+6.33164000E-010
1470,-0.04,1470.0633,-0.330,+3.71501000E-011
1470,-0.05,1470.0632,-0.350,+3.72278300E-011
1470,-0.04,1470.0632,-0.330,+3.72394100E-011
1470,-0.04,1470.0631,-0.330,+3.69907800E-011
1470,-0.04,1470.0631,-0.330,+3.71177200E-011
1470,-0.05,1470.0630,-0.380,+3.72824700E-011
1470,-0.05,1470.0630,-0.310,+3.69562300E-011
1470,-0.05,1470.0630,-0.360,+3.69772300E-011
1470,-0.04,1470.0629,-0.370,+3.68839400E-011
1470,-0.04,1470.0629,-0.340,+3.68556500E-011
1470,-0.04,1470.0629,-0.360,+3.72669200E-011
1470,-0.05,1470.0628,-0.360,+3.72280900E-011
1470,-0.05,1470.0628,-0.330,+3.72889600E-011
1470,-0.05,1470.0627,-0.310,+3.72282100E-011
1470,-0.04,1470.0627,-0.310,+3.71041900E-011
1470,-0.05,1470.0626,-0.360,+3.69571600E-011
1470,-0.04,1470.0626,-0.340,+3.73030700E-011
1470,-0.04,1470.0625,-0.360,+3.73888600E-011
1470,-0.05,1470.0625,-0.340,+3.72648600E-011
1470,-0.04,1470.0624,-0.400,+3.68084500E-011
1470,-0.04,1470.0624,-0.360,+3.70095900E-011
1470,-0.05,1470.0623,-0.420,+3.70513700E-011
1470,-0.05,1470.0623,-0.370,+3.67754300E-011
1470,-0.05,1470.0622,-0.340,+3.71001600E-011
1470,-0.04,1470.0622,-0.410,+3.70024500E-011
1470,-0.05,1470.0622,-0.310,+3.69173500E-011
1470,-0.05,1470.0621,-0.380,+3.70000000E-011
1470,-0.04,1470.0621,-0.370,+3.70490100E-011
1470,-0.04,1470.0620,-0.400,+3.69932400E-011
1470,-0.04,1470.0620,-0.400,+3.72676400E-011
1470,-0.05,1470.0620,-0.380,+3.69373300E-011
1470,-0.04,1470.0619,-0.360,+3.66814600E-011
1470,-0.04,1470.0619,-0.450,+3.68530700E-011
1470,-0.04,1470.0618,-0.380,+3.70624100E-011
1470,-0.04,1470.0618,-0.370,+3.70710700E-011
1470,-0.04,1470.0617,-0.410,+3.69288700E-011
1470,-0.04,1470.0617,-0.380,+3.68097200E-011
1470,-0.04,1470.0616,-0.350,+3.70361700E-011
1470,-0.04,1470.0616,-0.410,+3.71453000E-011
1470,-0.04,1470.0615,-0.320,+3.71225700E-011
1470,-0.05,1470.0615,-0.380,+3.71154500E-011
1470,-0.05,1470.0615,-0.330,+3.69921000E-011
1470,-0.05,1470.0614,-0.350,+3.70719100E-011
1470,-0.05,1470.0614,-0.400,+3.70324000E-011
1470,-0.05,1470.0613,-0.380,+3.70201100E-011
1470,-0.05,1470.0613,-0.350,+3.70737100E-011
1470,-0.04,1470.0612,-0.440,+3.72016200E-011
1470,-0.05,1470.0612,-0.330,+3.73944500E-011
1470,-0.05,1470.0611,-0.260,+3.71738400E-011
1470,-0.04,1470.0611,-0.340,+3.69794400E-011
1470,-0.05,1470.0611,-0.310,+3.69137900E-011
1470,-0.04,1470.0610,-0.360,+3.71608900E-011
1470,-0.04,1470.0610,-0.360,+3.71465300E-011
1470,-0.05,1470.0609,-0.390,+3.68276600E-011
1470,-0.05,1470.0609,-0.400,+3.71144900E-011
1470,-0.05,1470.0608,-0.410,+3.67893400E-011
1470,-0.05,1470.0608,-0.440,+3.68387000E-011
1470,-0.05,1470.0608,-0.430,+3.73620300E-011
1470,-0.04,1470.0607,-0.390,+3.69312200E-011
1470,-0.04,1470.0607,-0.390,+3.71730900E-011
1470,-0.04,1470.0606,-0.340,+3.68813700E-011
1470,-0.04,1470.0606,-0.370,+3.72101200E-011
1470,-0.04,1470.0605,-0.410,+3.74991100E-011
1470,-0.04,1470.0605,-0.390,+3.70723700E-011
1470,-0.04,1470.0604,-0.390,+3.73749800E-011
1470,-0.05,1470.0604,-0.400,+3.68509800E-011
1470,-0.04,1470.0604,-0.400,+3.65748600E-011
1470,-0.05,1470.0603,-0.370,+3.70909700E-011
1470,-0.04,1470.0603,-0.400,+3.70566500E-011
1470,-0.04,1470.0602,-0.350,+3.65387700E-011
1470,-0.04,1470.0602,-0.380,+3.68152500E-011
1470,-0.04,1470.0602,-0.370,+3.70771900E-011
1470,-0.05,1470.0601,-0.400,+3.68481300E-011
1470,-0.04,1470.0601,-0.400,+3.68148300E-011
1470,-0.05,1470.0600,-0.360,+3.68544700E-011
1470,-0.05,1470.0600,-0.400,+3.67769000E-011
1470,-0.04,1470.0599,-0.400,+3.73324900E-011
1470,-0.04,1470.0599,-0.400,+3.66156000E-011
1470,-0.05,1470.0599,-0.380,+3.69136900E-011
1470,-0.05,1470.0598,-0.350,+3.66823100E-011
1470,-0.05,1470.0598,-0.380,+3.72052600E-011
1470,-0.05,1470.0597,-0.380,+3.71465400E-011
1470,-0.05,1470.0901,-0.300,+3.69027100E-011
1470,-0.05,1470.0905,-0.350,+3.71776700E-011
1470,-0.04,1470.0905,-0.300,+3.70374000E-011
1470,-0.05,1470.0905,-0.290,+3.68803700E-011
1470,-0.05,1470.0905,-0.320,+3.67945300E-011
1470,-0.05,1470.0905,-0.340,+3.68163900E-011
1470,-0.05,1470.0905,-0.320,+3.68988100E-011
1470,-0.05,1470.0904,-0.330,+3.69582600E-011
1470,-0.04,1470.0904,-0.370,+3.68066300E-011
1470,-0.05,1470.0903,-0.340,+3.69841400E-011
1470,-0.05,1470.0903,-0.250,+3.68962500E-011
1470,-0.05,1470.0903,-0.280,+3.73130000E-011
1470,-0.04,1470.0902,-0.350,+3.68739700E-011
1470,-0.05,1470.0902,-0.300,+3.70523300E-011
1470,-0.05,1470.0902,-0.300,+3.70625200E-011
1470,-0.05,1470.0901,-0.300,+3.66966900E-011
1470,-0.04,1470.0901,-0.320,+3.72144700E-011
1470,-0.05,1470.0900,-0.320,+3.70221000E-011
1470,-0.05,1470.0900,-0.360,+3.69403500E-011
1470,-0.05,1470.0900,-0.380,+3.66174500E-011
1470,-0.04,1470.0899,-0.330,+3.66715700E-011
1470,-0.05,1470.0899,-0.360,+3.69521200E-011
1470,-0.05,1470.0899,-0.320,+3.68694500E-011
1470,-0.04,1470.0898,-0.350,+3.67992600E-011
1470,-0.05,1470.0898,-0.330,+3.68147000E-011
1470,-0.05,1470.0897,-0.180,+3.70732300E-011
1470,-0.05,1470.0897,-0.350,+3.67411600E-011
1470,-0.05,1470.0897,-0.380,+3.67169300E-011
1470,-0.05,1470.0896,-0.320,+3.70526600E-011
1470,-0.04,1470.0896,-0.350,+3.71493500E-011
1470,-0.04,1470.0895,-0.280,+3.71856000E-011
1470,-0.05,1470.0895,-0.330,+3.68745200E-011
1470,-0.04,1470.0895,-0.350,+3.71159700E-011
1470,-0.05,1470.0894,-0.350,+3.68974200E-011
1470,-0.05,1470.0894,-0.350,+3.68968500E-011
1470,-0.04,1470.0894,-0.320,+3.67825800E-011
1470,-0.05,1470.0893,-0.340,+3.71668100E-011
1470,-0.05,1470.0893,-0.380,+3.67365700E-011
1470,-0.04,1470.0892,-0.380,+3.66630600E-011
1470,-0.04,1470.0892,-0.360,+3.68251100E-011
1470,-0.05,1470.0891,-0.360,+3.64564200E-011
1470,-0.05,1470.0891,-0.280,+3.67312200E-011
1470,-0.04,1470.0891,-0.330,+3.71384100E-011
1470,-0.05,1470.0890,-0.310,+3.69031600E-011
1470,-0.05,1470.0890,-0.390,+3.73927100E-011
1470,-0.05,1470.0889,-0.380,+3.68979000E-011
1470,-0.05,1470.0889,-0.330,+3.68097400E-011
1470,-0.05,1470.0889,-0.330,+3.69186500E-011
1470,-0.04,1470.0888,-0.360,+3.69545500E-011
1470,-0.04,1470.0888,-0.310,+3.70144700E-011
1470,-0.05,1470.0887,-0.360,+3.70983200E-011
1470,-0.05,1470.0887,-0.330,+3.68069000E-011
1470,-0.05,1470.0886,-0.390,+3.69007300E-011
1470,-0.04,1470.0886,-0.340,+3.69371700E-011
1470,-0.05,1470.0886,-0.350,+3.72061700E-011
1470,-0.05,1470.0885,-0.340,+3.67390300E-011
1470,-0.05,1470.0885,-0.390,+3.70570000E-011
1470,-0.05,1470.0885,-0.380,+3.71455700E-011
1470,-0.04,1470.0884,-0.350,+3.66316400E-011
1470,-0.05,1470.0884,-0.370,+3.70434200E-011
1470,-0.05,1470.0883,-0.410,+3.68411400E-011
1470,-0.04,1470.0883,-0.400,+3.73185100E-011
1470,-0.05,1470.0882,-0.350,+3.70329400E-011
1470,-0.05,1470.0882,-0.360,+3.66597400E-011
1470,-0.05,1470.0882,-0.320,+3.67525100E-011
1470,-0.05,1470.0881,-0.320,+3.70140600E-011
1470,-0.05,1470.0880,-0.390,+3.63939100E-011
1470,-0.05,1470.0880,-0.320,+3.68723200E-011
1470,-0.05,1470.0880,-0.350,+3.70390800E-011
1470,-0.04,1470.0880,-0.370,+3.65784000E-011
1470,-0.05,1470.0879,-0.330,+3.67409600E-011
1470,-0.05,1470.0879,-0.370,+3.64355900E-011
1470,-0.05,1470.0878,-0.350,+3.69543400E-011
1470,-0.05,1470.0878,-0.390,+3.68562600E-011
1470,-0.05,1470.0878,-0.370,+3.65466900E-011
1470,-0.05,1470.0877,-0.360,+3.67434100E-011
1470,-0.05,1470.0877,-0.380,+3.67776100E-011
1470,-0.04,1470.0876,-0.350,+3.61661900E-011
1470,-0.05,1470.0876,-0.380,+3.69250500E-011
1470,-0.04,1470.0875,-0.300,+3.62378100E-011
1470,-0.05,1470.0875,-0.390,+3.66759100E-011
1470,-0.05,1470.0875,-0.360,+3.70690100E-011
1470,-0.05,1470.0874,-0.330,+3.71104000E-011
1470,-0.05,1470.0874,-0.330,+3.67450300E-011
1470,-0.05,1470.0873,-0.330,+3.66128000E-011
1470,-0.04,1470.0873,-0.360,+3.70348500E-011
1470,-0.04,1470.0873,-0.400,+3.66020700E-011
1470,-0.04,1470.0872,-0.430,+3.67661600E-011
1470,-0.04,1470.0872,-0.350,+3.66193800E-011
1470,-0.05,1470.0872,-0.380,+3.64996700E-011
1470,-0.05,1470.0871,-0.330,+3.67167100E-011
1470,-0.04,1470.0871,-0.330,+3.69336100E-011
1470,-0.04,1470.0870,-0.380,+3.64996900E-011
1470,-0.04,1470.0870,-0.360,+3.69104100E-011
1470,-0.04,1470.0870,-0.360,+3.66883600E-011
1470,-0.04,1470.0869,-0.410,+3.67863600E-011
1470,-0.04,1470.0869,-0.370,+3.67991300E-011
1470,-0.04,1470.0869,-0.390,+3.66872800E-011
1470,-0.04,1470.0868,-0.290,+3.68278300E-011
1470,-0.04,1470.0868,-0.370,+3.69662200E-011
1470,-0.05,1470.0868,-0.370,+3.67858500E-011
1470,-0.04,1470.0867,-0.390,+3.63728000E-011
1470,-0.04,1470.0867,-0.360,+3.68778600E-011
1470,-0.04,1470.0866,-0.380,+3.66548800E-011
1470,-0.05,1470.0866,-0.360,+3.67320700E-011
1470,-0.05,1470.0866,-0.400,+3.62755300E-011
1470,-0.05,1470.0865,-0.370,+3.66112500E-011
1470,-0.05,1470.0865,-0.360,+3.65534600E-011
1470,-0.04,1470.0865,-0.340,+3.69243400E-011
1470,-0.05,1470.0865,-0.340,+3.68520100E-011
1470,-0.05,1470.0864,-0.370,+3.69374600E-011
1470,-0.05,1470.0863,-0.390,+3.69917200E-011
1470,-0.05,1470.0863,-0.400,+3.65185800E-011
1470,-0.04,1470.0863,-0.360,+3.67596600E-011
1470,-0.04,1470.0863,-0.430,+3.68719400E-011
1470,-0.04,1470.0862,-0.320,+3.68763400E-011
1470,-0.04,1470.0862,-0.350,+3.70977000E-011
1470,-0.04,1470.0862,-0.400,+3.65383600E-011
1470,-0.04,1470.0861,-0.350,+3.66413300E-011
1470,-0.04,1470.0861,-0.430,+3.65481800E-011
1470,-0.04,1470.0860,-0.420,+3.63179400E-011
1470,-0.04,1470.0860,-0.350,+3.69129200E-011
1470,-0.04,1470.0860,-0.400,+3.67803100E-011
1470,-0.04,1470.0860,-0.390,+3.68708200E-011
1470,-0.04,1470.0859,-0.420,+3.67443600E-011
1470,-0.04,1470.0859,-0.440,+3.70227900E-011
1470,-0.04,1470.0859,-0.330,+3.69752600E-011
1470,-0.04,1470.0858,-0.400,+3.68821100E-011
1470,-0.04,1470.0858,-0.360,+3.69248700E-011
1470,-0.05,1470.0858,-0.410,+3.67641500E-011
1470,-0.05,1470.0857,-0.380,+3.66418700E-011
1470,-0.05,1470.0857,-0.410,+3.68808400E-011
1470,-0.04,1470.0856,-0.360,+3.69306500E-011
1470,-0.05,1470.0856,-0.430,+3.70261400E-011
1470,-0.04,1470.0856,-0.430,+3.65144100E-011
1470,-0.04,1470.0856,-0.330,+3.65610800E-011
1470,-0.05,1470.0855,-0.380,+3.73144800E-011
1470,-0.05,1470.0855,-0.410,+3.68816600E-011
1470,-0.05,1470.0854,-0.410,+3.65527400E-011
1470,-0.05,1470.0854,-0.360,+3.69262400E-011
1470,-0.05,1470.0854,-0.370,+3.67010700E-011
1470,-0.05,1470.0853,-0.430,+3.65848500E-011
1470,-0.05,1470.0853,-0.410,+3.67290200E-011
1470,-0.05,1470.0853,-0.420,+3.68617300E-011
1470,-0.05,1470.0852,-0.360,+3.68295700E-011
1470,-0.05,1470.0852,-0.390,+3.69103800E-011
1470,-0.04,1470.0852,-0.400,+3.68295000E-011
1470,-0.05,1470.0852,-0.400,+3.66459300E-011
1470,-0.05,1470.0851,-0.400,+3.69983200E-011
1470,-0.05,1470.0851,-0.390,+3.67246900E-011
1470,-0.04,1470.0851,-0.390,+3.65452700E-011
1470,-0.05,1470.0850,-0.390,+3.67598600E-011
1470,-0.04,1470.0850,-0.420,+3.64973400E-011
1470,-0.05,1470.0849,-0.400,+3.66950300E-011
1470,-0.04,1470.0849,-0.420,+3.67568700E-011
1470,-0.05,1470.0849,-0.370,+3.66955000E-011
1470,-0.05,1470.0849,-0.460,+3.67583700E-011
1470,-0.05,1470.0848,-0.390,+3.68026300E-011
1470,-0.05,1470.0848,-0.420,+3.65133500E-011
1470,-0.05,1470.0847,-0.350,+3.64923400E-011
1470,-0.04,1470.0847,-0.420,+3.67209600E-011
1470,-0.04,1470.0847,-0.430,+3.66616700E-011
1470,-0.05,1470.0846,-0.420,+3.64594000E-011
1470,-0.05,1470.0846,-0.370,+3.66962400E-011
1470,-0.05,1470.0846,-0.430,+3.63677100E-011
1470,-0.04,1470.0845,-0.430,+3.65196700E-011
1470,-0.05,1470.0845,-0.430,+3.68030600E-011
1470,-0.04,1470.0845,-0.460,+3.68069200E-011
1470,-0.04,1470.0844,-0.620,+3.66430400E-011
1470,-0.05,1470.0844,-0.670,+3.66096700E-011
1470,-0.05,1470.0844,-0.680,+3.65597100E-011
1470,-0.04,1470.0843,-0.650,+3.61712900E-011
1470,-0.04,1470.0843,-0.630,+3.64711200E-011
1470,-0.04,1470.0843,-0.570,+3.65764200E-011
1470,-0.04,1470.0842,-0.620,+3.68669200E-011
1470,-0.04,1470.0842,-0.620,+3.67072700E-011
1470,-0.04,1470.0842,-0.620,+3.70556600E-011
1470,-0.04,1470.0842,-0.640,+3.69187500E-011
1470,-0.04,1470.0841,-0.600,+3.66545700E-011
1470,-0.05,1470.0841,-0.600,+3.62983600E-011
1470,-0.04,1470.0841,-0.580,+3.66209000E-011
1470,-0.04,1470.0840,-0.600,+3.67695800E-011
1470,-0.05,1470.0840,-0.590,+3.67796500E-011
1470,-0.04,1470.0840,-0.570,+3.69914000E-011
1470,-0.05,1470.0839,-0.630,+3.67479500E-011
1470,-0.04,1470.0839,-0.600,+3.69152500E-011
1470,-0.04,1470.0839,-0.580,+3.68612100E-011
1470,-0.05,1470.0838,-0.570,+3.66705600E-011
1470,-0.05,1470.0838,-0.600,+3.65285300E-011
1470,-0.05,1470.0838,-0.570,+3.66958100E-011
1470,-0.04,1470.0837,-0.520,+3.68547400E-011
1470,-0.05,1470.0837,-0.620,+3.65990100E-011
1470,-0.05,1470.0837,-0.600,+3.62969200E-011
1470,-0.05,1470.0836,-0.620,+3.65823300E-011
1470,-0.05,1470.0836,-0.610,+3.67115800E-011
1470,-0.05,1470.0836,-0.620,+3.68925800E-011
1470,-0.05,1470.0836,-0.620,+3.64487500E-011
1470,-0.05,1470.0835,-0.600,+3.66421000E-011
1470,-0.05,1470.0835,-0.620,+3.69348000E-011
1470,-0.05,1470.0835,-0.640,+3.67423800E-011
1470,-0.05,1470.0834,-0.570,+3.68240600E-011
1470,-0.05,1470.0834,-0.600,+3.67277500E-011
1470,-0.05,1470.0834,-0.570,+3.69688000E-011
1470,-0.05,1470.0833,-0.600,+3.65983600E-011
1470,-0.05,1470.0833,-0.600,+3.70390600E-011
1470,-0.05,1470.0833,-0.570,+3.67731500E-011
1470,-0.05,1470.0832,-0.330,+3.67006600E-011
1470,-0.04,1470.0832,-0.460,+3.67854300E-011
1470,-0.04,1470.0832,-0.570,+3.70430400E-011
1470,-0.05,1470.0831,-0.410,+3.67791400E-011
1470,-0.05,1470.0831,-0.620,+3.71474600E-011
1470,-0.05,1470.0831,-0.350,+3.68608100E-011
1470,-0.05,1470.0831,-0.380,+3.69305900E-011
1470,-0.04,1470.0831,-0.400,+3.68928400E-011
1470,-0.04,1470.0830,-0.420,+3.68002600E-011
1470,-0.05,1470.0830,-0.400,+3.70325200E-011
1470,-0.05,1470.0829,-0.370,+3.68562000E-011
1470,-0.05,1470.0829,-0.380,+3.68153100E-011
1470,-0.04,1470.0829,-0.350,+3.64715000E-011
1470,-0.05,1470.0829,-0.430,+3.66375000E-011
1470,-0.04,1470.0828,-0.400,+3.65904400E-011
1470,-0.04,1470.0828,-0.390,+3.69797800E-011
1470,-0.04,1470.0828,-0.360,+3.68665100E-011
1470,-0.04,1470.0828,-0.390,+3.66933800E-011
1470,-0.05,1470.0827,-0.420,+3.63993700E-011
1470,-0.05,1470.0827,-0.420,+3.63554900E-011
1470,-0.04,1470.0826,-0.420,+3.68768700E-011
1470,-0.04,1470.0826,-0.390,+3.66727800E-011
1470,-0.05,1470.0826,-0.440,+3.65152400E-011
1470,-0.04,1470.0826,-0.400,+3.70560800E-011
1470,-0.05,1470.0826,-0.390,+3.69347300E-011
1470,-0.05,1470.0825,-0.360,+3.66191300E-011
1470,-0.05,1470.0825,-0.410,+3.69185000E-011
1470,-0.05,1470.0825,-0.440,+3.67685600E-011
1470,-0.05,1470.0824,-0.420,+3.69078100E-011
1470,-0.05,1470.0824,-0.390,+3.68508500E-011
1470,-0.04,1470.0824,-0.360,+3.68650900E-011
1470,-0.05,1470.0824,-0.430,+3.67853700E-011
1470,-0.05,1470.0823,-0.420,+3.65280700E-011
1470,-0.04,1470.0823,-0.380,+3.64783500E-011
1470,-0.05,1470.0823,-0.350,+3.69913200E-011
1470,-0.05,1470.0822,-0.410,+3.66318300E-011
1470,-0.05,1470.0822,-0.380,+3.69950700E-011
1470,-0.05,1470.0822,-0.360,+3.68637800E-011
1470,-0.05,1470.0822,-0.410,+3.66333800E-011
1470,-0.05,1470.0821,-0.380,+3.67281600E-011
1470,-0.04,1470.0821,-0.380,+3.69974000E-011
1470,-0.05,1470.0821,-0.330,+3.64749000E-011
1470,-0.04,1470.0820,-0.400,+3.66099300E-011
1470,-0.04,1470.0820,-0.390,+3.63929900E-011
1470,-0.05,1470.0820,-0.380,+3.66467500E-011
1470,-0.05,1470.0820,-0.400,+3.68705100E-011
1470,-0.04,1470.0819,-0.380,+3.65451300E-011
1470,-0.04,1470.0819,-0.380,+3.66965400E-011
1470,-0.04,1470.0819,-0.400,+3.69914800E-011
1470,-0.04,1470.0818,-0.380,+3.71212500E-011
1470,-0.05,1470.0818,-0.410,+3.67958400E-011
1470,-0.04,1470.0818,-0.350,+3.68853500E-011
1470,-0.05,1470.0818,-0.420,+3.67839000E-011
1470,-0.05,1470.0817,-0.430,+3.68971200E-011
1470,-0.05,1470.0817,-0.400,+3.71229600E-011
1470,-0.05,1470.0817,-0.420,+3.68883300E-011
1470,-0.05,1470.0817,-0.420,+3.69747800E-011
1470,-0.05,1470.0816,-0.370,+3.68175300E-011
1470,-0.05,1470.0816,-0.400,+3.72890600E-011
1470,-0.05,1470.0816,-0.420,+3.68582600E-011
1470,-0.04,1470.0815,-0.420,+3.71831900E-011
1470,-0.05,1470.0815,-0.360,+3.69847200E-011
1470,-0.04,1470.0815,-0.370,+3.68181800E-011
1470,-0.05,1470.0814,-0.320,+3.65070500E-011
1470,-0.04,1470.0814,-0.390,+4.52065300E-010
1470,-0.04,1470.0814,-0.370,+4.55164900E-010
1470,-0.04,1470.0814,-0.390,+4.57571300E-010
1470,-0.04,1470.0813,-0.400,+4.60439400E-010
1470,-0.04,1470.0813,-0.420,+4.63234500E-010
1470,-0.04,1470.0813,-0.390,+4.65899200E-010
1470,-0.04,1470.0812,-0.420,+4.69056400E-010
1470,-0.04,1470.0812,-0.440,+4.71941500E-010
1470,-0.05,1470.0812,-0.350,+4.74526800E-010
1470,-0.05,1470.0812,-0.370,+4.77856200E-010
1470,-0.04,1470.0811,-0.390,+4.80746600E-010
1470,-0.04,1470.0811,-0.390,+4.83197800E-010
1470,-0.04,1470.0811,-0.340,+4.86512700E-010
1470,-0.04,1470.0810,-0.360,+4.89286700E-010
1470,-0.04,1470.0810,-0.360,+4.92249500E-010
1470,-0.05,1470.0810,-0.410,+4.95244700E-010
1470,-0.05,1470.0810,-0.310,+4.97962800E-010
1470,-0.04,1470.0809,-0.390,+5.00667100E-010
1470,-0.04,1470.0809,-0.390,+5.03435700E-010
1470,-0.04,1470.0809,-0.360,+5.05855200E-010
1470,-0.04,1470.0808,-0.360,+5.08709000E-010
1470,-0.04,1470.0808,-0.410,+5.10798900E-010
1470,-0.05,1470.0808,-0.380,+5.13766800E-010
1470,-0.05,1470.0807,-0.360,+5.16049500E-010
1470,-0.04,1470.0807,-0.360,+5.18484100E-010
1470,-0.05,1470.0807,-0.380,+5.20649000E-010
1470,-0.04,1470.0807,-0.360,+5.23213800E-010
1470,-0.04,1470.0806,-0.380,+5.25659200E-010
1470,-0.04,1470.0806,-0.420,+5.27582300E-010
1470,-0.05,1470.0806,-0.400,+5.29700500E-010
1470,-0.04,1470.0805,-0.410,+5.31697200E-010
1470,-0.04,1470.0805,-0.380,+5.33878600E-010
1470,-0.05,1470.0805,-0.300,+5.36178700E-010
1470,-0.04,1470.0805,-0.280,+5.38198500E-010
1470,-0.04,1470.0804,-0.280,+5.40247500E-010
1470,-0.05,1470.0804,-0.360,+5.41922400E-010
1470,-0.05,1470.0804,-0.340,+5.43386100E-010
1470,-0.05,1470.0804,-0.330,+5.45103500E-010
1470,-0.04,1470.0803,-0.380,+5.47060300E-010
1470,-0.04,1470.0803,-0.400,+5.48777000E-010
1470,-0.05,1470.0803,-0.400,+5.50272100E-010
1470,-0.05,1470.0802,-0.400,+5.52253100E-010
1470,-0.05,1470.0802,-0.380,+5.53940000E-010
1470,-0.05,1470.0802,-0.330,+5.54928900E-010
1470,-0.04,1470.0801,-0.350,+5.56495100E-010
1470,-0.04,1470.0801,-0.370,+5.57993100E-010
1470,-0.05,1470.0801,-0.360,+5.59548800E-010
1470,-0.04,1470.0800,-0.400,+5.60529000E-010
1470,-0.04,1470.0800,-0.400,+5.62185400E-010
1470,-0.05,1470.0800,-0.400,+5.63419000E-010
1470,-0.05,1470.0800,-0.390,+5.64497000E-010
1470,-0.05,1470.0799,-0.370,+5.65713100E-010
1470,-0.05,1470.0799,-0.400,+5.67017700E-010
1470,-0.05,1470.0799,-0.370,+5.68066600E-010
1470,-0.05,1470.0798,-0.400,+5.69621500E-010
1470,-0.05,1470.0798,-0.320,+5.70876200E-010
1470,-0.05,1470.0798,-0.430,+5.71926900E-010
1470,-0.05,1470.0797,-0.350,+5.72787900E-010
1470,-0.05,1470.0797,-0.320,+5.73255100E-010
1470,-0.04,1470.0797,-0.370,+5.74411800E-010
1470,-0.04,1470.0797,-0.340,+5.75447800E-010
1470,-0.05,1470.0796,-0.390,+5.76685600E-010
1470,-0.05,1470.0796,-0.350,+5.77261400E-010
1470,-0.05,1470.0796,-0.390,+5.78314200E-010
1470,-0.04,1470.0795,-0.390,+5.78868100E-010
1470,-0.05,1470.0795,-0.400,+5.79575400E-010
1470,-0.05,1470.0795,-0.370,+5.80445600E-010
1470,-0.05,1470.0795,-0.340,+5.81430800E-010
1470,-0.05,1470.0794,-0.390,+5.82223400E-010
1470,-0.04,1470.0794,-0.360,+5.82597700E-010
1470,-0.05,1470.0794,-0.340,+5.83062800E-010
1470,-0.04,1470.0793,-0.340,+5.84082600E-010
1470,-0.05,1470.0793,-0.360,+3.66777200E-011
1470,-0.05,1470.0793,-0.340,+3.63490900E-011
1470,-0.05,1470.0793,-0.340,+3.64970900E-011
1470,-0.05,1470.0792,-0.360,+3.65195300E-011
1470,-0.05,1470.0792,-0.310,+3.68466300E-011
1470,-0.05,1470.0792,-0.360,+3.66137000E-011
1470,-0.05,1470.0791,-0.340,+3.64436300E-011
1470,-0.05,1470.0791,-0.310,+3.65957200E-011
1470,-0.04,1470.0791,-0.360,+3.66613400E-011
1470,-0.05,1470.0791,-0.360,+3.65983200E-011
1470,-0.05,1470.0790,-0.260,+3.63347300E-011
1470,-0.05,1470.0790,-0.380,+3.67575300E-011
1470,-0.05,1470.0790,-0.290,+3.64527000E-011
1470,-0.05,1470.0789,-0.330,+3.65801500E-011
1470,-0.05,1470.0789,-0.310,+3.68496200E-011
1470,-0.05,1470.0789,-0.300,+3.64048700E-011
1470,-0.04,1470.0788,-0.380,+3.65899200E-011
1470,-0.05,1470.0788,-0.350,+3.63499200E-011
1470,-0.05,1470.0788,-0.360,+3.67140900E-011
1470,-0.05,1470.0788,-0.330,+3.64432500E-011
1470,-0.05,1470.0787,-0.280,+3.60158900E-011
1470,-0.04,1470.0787,-0.330,+3.67527500E-011
1470,-0.05,1470.0787,-0.310,+3.60577200E-011
1470,-0.05,1470.0787,-0.350,+3.67369400E-011
1470,-0.04,1470.0786,-0.330,+3.67964900E-011
1470,-0.04,1470.0786,-0.330,+3.67540700E-011
1470,-0.05,1470.0786,-0.310,+3.61661300E-011
1470,-0.04,1470.0785,-0.390,+3.63851900E-011
1470,-0.04,1470.0785,-0.330,+3.63438500E-011
1470,-0.05,1470.0785,-0.330,+3.61686700E-011
1470,-0.05,1470.0785,-0.350,+3.61532600E-011
1470,-0.04,1470.0784,-0.380,+3.64796400E-011
1470,-0.05,1470.0784,-0.350,+3.60287800E-011
1470,-0.04,1470.0784,-0.400,+3.65125800E-011
1470,-0.05,1470.0783,-0.300,+3.62882300E-011
1470,-0.05,1470.0783,-0.330,+3.65280600E-011
1470,-0.04,1470.0783,-0.300,+3.65631100E-011
1470,-0.04,1470.0782,-0.300,+3.61751200E-011
1470,-0.04,1470.0782,-0.350,+3.61257700E-011
1470,-0.04,1470.0782,-0.380,+3.67215700E-011
1470,-0.05,1470.0782,-0.350,+3.64931400E-011
1470,-0.05,1470.0781,-0.370,+3.62596500E-011
1470,-0.04,1470.0781,-0.330,+3.67668800E-011
1470,-0.04,1470.0781,-0.300,+3.63121400E-011
1470,-0.05,1470.0780,-0.300,+3.64727100E-011
1470,-0.05,1470.0780,-0.350,+3.65868700E-011
1470,-0.05,1470.0780,-0.370,+3.64048200E-011
1470,-0.05,1470.0780,-0.320,+3.65498700E-011
1470,-0.05,1470.0779,-0.350,+3.64367900E-011
1470,-0.05,1470.0779,-0.350,+3.65252100E-011
1470,-0.04,1470.0779,-0.280,+3.64732200E-011
1470,-0.05,1470.0778,-0.380,+3.63101900E-011
1470,-0.04,1470.0778,-0.370,+3.65050300E-011
1470,-0.05,1470.0778,-0.350,+3.69148200E-011
1470,-0.05,1470.0778,-0.350,+3.66993200E-011
1470,-0.05,1470.0777,-0.270,+3.65455200E-011
1470,-0.05,1470.0777,-0.340,+3.63731800E-011
1470,-0.04,1470.0777,-0.300,+3.64415200E-011
1470,-0.05,1470.0776,-0.350,+3.67268400E-011
1470,-0.05,1470.0776,-0.320,+3.61009600E-011
1470,-0.04,1470.0776,-0.300,+3.67905700E-011
1470,-0.04,1470.0775,-0.300,+3.66018000E-011
1470,-0.05,1470.0775,-0.320,+3.67760200E-011
1470,-0.05,1470.0775,-0.340,+3.65440800E-011
1470,-0.05,1470.0774,-0.400,+3.65486100E-011
1470,-0.05,1470.0774,-0.340,+3.66406500E-011
1470,-0.05,1470.0774,-0.370,+3.64786100E-011
1470,-0.04,1470.0774,-0.360,+3.64080700E-011
1470,-0.05,1470.0773,-0.300,+3.60721800E-011
1470,-0.04,1470.0773,-0.320,+3.64059500E-011
1470,-0.05,1470.0773,-0.350,+3.62180600E-011
1470,-0.05,1470.0773,-0.260,+3.64077400E-011
1470,-0.04,1470.0772,-0.340,+3.66899000E-011
1470,-0.05,1470.0772,-0.290,+3.65082100E-011
1470,-0.05,1470.0772,-0.320,+3.63368500E-011
1470,-0.04,1470.0771,-0.340,+3.62384600E-011
1470,-0.04,1470.0771,-0.340,+3.62748500E-011
1470,-0.05,1470.0771,-0.240,+3.66248100E-011
1470,-0.05,1470.0770,-0.320,+3.63445100E-011
1470,-0.04,1470.0770,-0.290,+3.63911400E-011
1470,-0.05,1470.0770,-0.250,+3.64069600E-011
1470,-0.05,1470.0769,-0.320,+3.64967200E-011
1470,-0.04,1470.0769,-0.330,+3.67551400E-011
1470,-0.05,1470.0769,-0.360,+3.60760000E-011
1470,-0.04,1470.0769,-0.310,+3.63827100E-011
1470,-0.04,1470.0768,-0.330,+3.65599000E-011
1470,-0.04,1470.0768,-0.340,+3.63639500E-011
1470,-0.05,1470.0768,-0.340,+3.63725000E-011
1470,-0.05,1470.0767,-0.310,+3.63821500E-011
1470,-0.04,1470.0767,-0.310,+3.64297700E-011
1470,-0.05,1470.0767,-0.340,+3.67852700E-011
1470,-0.04,1470.0767,-0.340,+3.65641800E-011
1470,-0.05,1470.0766,-0.310,+3.65085700E-011
1470,-0.04,1470.0766,-0.330,+3.62526100E-011
1470,-0.04,1470.0766,-0.290,+3.64990800E-011
1470,-0.04,1470.0765,-0.310,+3.64753500E-011
1470,-0.05,1470.0765,-0.360,+3.63632900E-011
1470,-0.05,1470.0765,-0.310,+3.62799900E-011
1470,-0.04,1470.0765,-0.280,+3.61278200E-011
1470,-0.04,1470.0764,-0.290,+3.66700100E-011
1470,-0.05,1470.0764,-0.360,+3.65322800E-011
1470,-0.04,1470.0764,-0.340,+3.65424400E-011
1470,-0.04,1470.0763,-0.320,+3.62373500E-011
1470,-0.05,1470.0763,-0.340,+3.62208300E-011
1470,-0.04,1470.0763,-0.310,+3.64630100E-011
1470,-0.04,1470.0763,-0.330,+3.61497800E-011
1470,-0.04,1470.0762,-0.360,+3.63909200E-011
1470,-0.05,1470.0762,-0.310,+3.63764300E-011
1470,-0.04,1470.0762,-0.360,+3.60745700E-011
1470,-0.04,1470.0762,-0.260,+3.61545200E-011
1470,-0.04,1470.0761,-0.240,+3.64873800E-011
1470,-0.04,1470.0761,-0.330,+3.60155700E-011
1470,-0.05,1470.0761,-0.330,+3.65260500E-011
1470,-0.04,1470.0760,-0.340,+3.63016200E-011
1470,-0.04,1470.0760,-0.310,+3.62587900E-011
1470,-0.04,1470.0760,-0.330,+3.66718200E-011
1470,-0.05,1470.0759,-0.280,+3.65130200E-011
1470,-0.04,1470.0759,-0.310,+3.61417800E-011
1470,-0.05,1470.0759,-0.280,+3.65527100E-011
1470,-0.05,1470.0759,-0.310,+3.62101800E-011
1470,-0.05,1470.0758,-0.330,+3.67442800E-011
1470,-0.05,1470.0758,-0.330,+3.63586700E-011
1470,-0.05,1470.0758,-0.330,+3.66433300E-011
1470,-0.04,1470.0758,-0.330,+3.62833100E-011
1470,-0.05,1470.0757,-0.360,+3.62354000E-011
1470,-0.04,1470.0757,-0.350,+3.62377600E-011
1470,-0.04,1470.0757,-0.330,+3.68572000E-011
1470,-0.04,1470.0757,-0.310,+3.63555000E-011
1470,-0.04,1470.0756,-0.330,+3.63681700E-011
1470,-0.04,1470.0756,-0.330,+3.63951900E-011
1470,-0.04,1470.0756,-0.330,+3.66245400E-011
1470,-0.04,1470.0755,-0.320,+3.63529600E-011
1470,-0.05,1470.0755,-0.300,+3.63215600E-011
1470,-0.05,1470.0755,-0.280,+3.66741000E-011
1470,-0.04,1470.0755,-0.300,+3.65637100E-011
1470,-0.04,1470.0754,-0.300,+3.65785700E-011
1470,-0.05,1470.0754,-0.280,+3.65246000E-011
1470,-0.04,1470.0754,-0.280,+3.64224200E-011
1470,-0.05,1470.0754,-0.250,+3.62575900E-011
1470,-0.04,1470.0753,-0.330,+3.61452000E-011
1470,-0.05,1470.0753,-0.350,+3.61928500E-011
1470,-0.04,1470.0753,-0.330,+3.66211900E-011
1470,-0.04,1470.0752,-0.330,+3.64061400E-011
1470,-0.05,1470.0752,-0.330,+3.61326800E-011
1470,-0.04,1470.0752,-0.350,+3.60602700E-011
1470,-0.04,1470.0752,-0.320,+3.62567300E-011
1470,-0.04,1470.0751,-0.330,+3.62233100E-011
1470,-0.05,1470.0751,-0.330,+3.63889200E-011
1470,-0.05,1470.0751,-0.320,+3.65165500E-011
1470,-0.04,1470.0751,-0.330,+3.60769900E-011
1470,-0.04,1470.0750,-0.300,+3.62611300E-011
1470,-0.05,1470.0750,-0.330,+3.65826800E-011
1470,-0.05,1470.0750,-0.330,+3.64795200E-011
1470,-0.04,1470.0750,-0.330,+3.63744200E-011
1470,-0.05,1470.0749,-0.300,+3.67626300E-011
1470,-0.05,1470.0749,-0.350,+3.64810600E-011
1470,-0.05,1470.0749,-0.300,+3.64415500E-011
1470,-0.04,1470.0749,-0.300,+3.60256400E-011
1470,-0.04,1470.0748,-0.300,+3.63666600E-011
1470,-0.05,1470.0748,-0.300,+3.66891800E-011
1470,-0.04,1470.0748,-0.350,+3.65830000E-011
1470,-0.04,1470.0748,-0.250,+3.61927700E-011
1470,-0.04,1470.0747,-0.320,+3.62332600E-011
1470,-0.05,1470.0747,-0.320,+3.65958400E-011
1470,-0.05,1470.0747,-0.300,+3.63398900E-011
1470,-0.04,1470.0746,-0.320,+3.63496500E-011
1470,-0.04,1470.0746,-0.330,+3.66044700E-011
1470,-0.04,1470.0746,-0.320,+3.64234500E-011
1470,-0.04,1470.0746,-0.270,+3.64967600E-011
1470,-0.04,1470.0745,-0.300,+3.62439500E-011
1470,-0.04,1470.0745,-0.300,+3.63996900E-011
1470,-0.04,1470.0745,-0.350,+3.64354400E-011
1470,-0.05,1470.0745,-0.300,+3.63081200E-011
1470,-0.04,1470.0744,-0.300,+3.62639100E-011
1470,-0.05,1470.0744,-0.320,+3.63416800E-011
1470,-0.05,1470.0744,-0.300,+3.63209900E-011
1470,-0.04,1470.0744,-0.320,+3.60225800E-011
1470,-0.04,1470.0743,-0.330,+3.59947600E-011
1470,-0.04,1470.0743,-0.320,+3.61176300E-011
1470,-0.05,1470.0743,-0.270,+3.63644600E-011
1470,-0.05,1470.0743,-0.320,+3.63427700E-011
1470,-0.05,1470.0743,-0.330,+3.63785100E-011
1470,-0.05,1470.0742,-0.320,+3.58782800E-011
1470,-0.04,1470.0742,-0.330,+3.62613800E-011
1470,-0.04,1470.0742,-0.320,+3.62058900E-011
1470,-0.05,1470.0742,-0.330,+3.61391300E-011
1470,-0.04,1470.0741,-0.300,+3.64760300E-011
1470,-0.05,1470.0741,-0.320,+3.59985300E-011
1470,-0.05,1470.0741,-0.320,+3.63804100E-011
1470,-0.04,1470.0741,-0.300,+3.65974000E-011
1470,-0.05,1470.0740,-0.330,+3.65259600E-011
1470,-0.05,1470.0740,-0.320,+3.61872700E-011
1470,-0.05,1470.0740,-0.340,+3.64773700E-011
1470,-0.05,1470.0740,-0.360,+3.63291400E-011
1470,-0.05,1470.0739,-0.270,+3.64276900E-011
1470,-0.05,1470.0739,-0.300,+3.64279600E-011
1470,-0.04,1470.0739,-0.320,+3.63668000E-011
1470,-0.04,1470.0739,-0.340,+3.63179300E-011
1470,-0.05,1470.0738,-0.330,+3.62556700E-011
1470,-0.05,1470.0738,-0.320,+3.66830800E-011
1470,-0.05,1470.0738,-0.290,+3.63893800E-011
1470,-0.05,1470.0738,-0.370,+3.62309500E-011
1470,-0.05,1470.0738,-0.270,+3.62260800E-011
1470,-0.05,1470.0737,-0.320,+3.59733300E-011
1470,-0.05,1470.0737,-0.270,+3.65093200E-011
1470,-0.05,1470.0737,-0.300,+3.65423800E-011
1470,-0.05,1470.0737,-0.320,+3.63449200E-011
1470,-0.05,1470.0736,-0.340,+3.65675400E-011
1470,-0.05,1470.0736,-0.290,+3.63249800E-011
1470,-0.05,1470.0736,-0.320,+3.67616900E-011
1470,-0.05,1470.0736,-0.320,+3.61927600E-011
1470,-0.04,1470.0735,-0.320,+3.64269200E-011
1470,-0.05,1470.0735,-0.320,+3.63107000E-011
1470,-0.05,1470.0735,-0.290,+3.62642700E-011
1470,-0.05,1470.0735,-0.320,+3.59514200E-011
1470,-0.05,1470.0735,-0.320,+3.64447300E-011
1470,-0.04,1470.0734,-0.320,+3.64760100E-011
1470,-0.05,1470.0734,-0.320,+3.64254500E-011
1470,-0.05,1470.0734,-0.310,+3.66831000E-011
1470,-0.05,1470.0734,-0.250,+3.62873300E-011
1470,-0.04,1470.0733,-0.320,+3.61394400E-011
1470,-0.04,1470.0733,-0.290,+3.65323500E-011
1470,-0.05,1470.0733,-0.290,+3.61703900E-011
1470,-0.05,1470.0733,-0.320,+3.63174600E-011
1470,-0.05,1470.0732,-0.290,+3.60794700E-011
1470,-0.05,1470.0732,-0.320,+3.64261900E-011
1470,-0.05,1470.0732,-0.310,+3.64278700E-011
1470,-0.04,1470.0732,-0.360,+3.62297700E-011
1470,-0.05,1470.0732,-0.290,+3.61566300E-011
1470,-0.05,1470.0731,-0.340,+3.64809100E-011
1470,-0.05,1470.0731,-0.290,+3.63915700E-011
1470,-0.05,1470.0731,-0.320,+3.65397900E-011
1470,-0.04,1470.0731,-0.290,+3.63141900E-011
1470,-0.04,1470.0730,-0.320,+3.66426600E-011
1470,-0.05,1470.0730,-0.240,+3.64785800E-011
1470,-0.05,1470.0730,-0.300,+3.67670900E-011
1470,-0.04,1470.0730,-0.310,+3.62650300E-011
1470,-0.05,1470.0730,-0.270,+3.66846600E-011
1470,-0.04,1470.0729,-0.290,+3.63197800E-011
1470,-0.04,1470.0729,-0.290,+3.60665700E-011
1470,-0.04,1470.0729,-0.320,+3.63889400E-011
1470,-0.05,1470.0729,-0.220,+3.62124900E-011
1470,-0.04,1470.0729,-0.290,+3.64723400E-011
1470,-0.04,1470.0728,-0.330,+3.62099500E-011
1470,-0.04,1470.0728,-0.290,+3.63263900E-011
1470,-0.04,1470.0728,-0.310,+3.65596100E-011
1470,-0.05,1470.0728,-0.340,+3.67180800E-011
1470,-0.04,1470.0728,-0.330,+3.63533100E-011
1470,-0.04,1470.0727,-0.290,+3.62618900E-011
1470,-0.05,1470.0727,-0.320,+3.62104000E-011
1470,-0.05,1470.0727,-0.340,+3.60240500E-011
1470,-0.05,1470.0727,-0.270,+3.66036800E-011
1470,-0.05,1470.0726,-0.320,+3.60128800E-011
1470,-0.04,1470.0726,-0.290,+3.64214700E-011
1470,-0.05,1470.0726,-0.320,+3.66037400E-011
1470,-0.05,1470.0726,-0.290,+3.61808800E-011
1470,-0.04,1470.0726,-0.340,+3.64747900E-011
1470,-0.04,1470.0725,-0.320,+3.64317600E-011
1470,-0.05,1470.0725,-0.290,+3.59638200E-011
1470,-0.04,1470.0725,-0.270,+3.62382700E-011
1470,-0.04,1470.0725,-0.340,+3.60765200E-011
1470,-0.04,1470.0724,-0.310,+3.62793400E-011
1470,-0.04,1470.0724,-0.290,+3.63899200E-011
1470,-0.04,1470.0724,-0.290,+3.64002200E-011
1470,-0.04,1470.0724,-0.310,+3.63254200E-011
1470,-0.04,1470.0723,-0.260,+3.60889300E-011
1470,-0.04,1470.0723,-0.290,+3.62006000E-011
1470,-0.05,1470.0723,-0.360,+3.64115200E-011
1470,-0.04,1470.0723,-0.340,+3.63326800E-011
1470,-0.04,1470.0723,-0.270,+3.62416100E-011
1470,-0.05,1470.0723,-0.320,+3.61167300E-011
1470,-0.04,1470.0723,-0.260,+3.64691000E-011
1470,-0.05,1470.0722,-0.370,+3.65039700E-011
1470,-0.04,1470.0722,-0.290,+3.62675300E-011
1470,-0.04,1470.0722,-0.270,+3.63280100E-011
1470,-0.04,1470.0722,-0.300,+3.65287900E-011
1470,-0.04,1470.0722,-0.290,+3.62185500E-011
1470,-0.04,1470.0721,-0.330,+3.65135300E-011
1470,-0.05,1470.0721,-0.310,+3.66979600E-011
1470,-0.05,1470.0721,-0.270,+3.66130200E-011
1470,-0.04,1470.0720,-0.290,+3.64953800E-011
1470,-0.04,1470.0720,-0.350,+3.63796900E-011
1470,-0.05,1470.0720,-0.340,+3.65037000E-011
1470,-0.05,1470.0720,-0.320,+3.60337700E-011
1470,-0.05,1470.0720,-0.310,+3.61342000E-011
1470,-0.05,1470.0720,-0.310,+3.66851700E-011
1470,-0.04,1470.0720,-0.320,+3.63186300E-011
1470,-0.05,1470.0719,-0.290,+3.60893400E-011
1470,-0.05,1470.0720,-0.320,+3.64365800E-011
1470,-0.04,1470.0719,-0.290,+3.61365900E-011
1470,-0.04,1470.0719,-0.270,+3.64652200E-011
1470,-0.04,1470.0718,-0.320,+3.61241400E-011
1470,-0.04,1470.0719,-0.260,+3.63012600E-011
1470,-0.04,1470.0718,-0.310,+3.60655900E-011
1470,-0.04,1470.0718,-0.310,+3.62806200E-011
1470,-0.04,1470.0717,-0.290,+3.59323000E-011
1470,-0.04,1470.0717,-0.310,+3.62077500E-011
1470,-0.05,1470.0717,-0.290,+3.61574600E-011
1470,-0.05,1470.0717,-0.320,+3.63642300E-011
1470,-0.05,1470.0717,-0.290,+3.67010300E-011
1470,-0.05,1470.0717,-0.340,+3.62452700E-011
1470,-0.05,1470.0716,-0.260,+3.60885500E-011
1470,-0.05,1470.0716,-0.260,+3.61970000E-011
1470,-0.05,1470.0716,-0.260,+3.63239000E-011
1470,-0.05,1470.0716,-0.300,+3.62326600E-011
1470,-0.04,1470.0716,-0.310,+3.65131600E-011
1470,-0.05,1470.0716,-0.270,+3.61281000E-011
1470,-0.05,1470.0715,-0.310,+3.63410200E-011
1470,-0.05,1470.0715,-0.290,+3.66297000E-011
1470,-0.05,1470.0715,-0.240,+3.62528200E-011
1470,-0.05,1470.0714,-0.320,+3.59472300E-011
1470,-0.05,1470.0715,-0.310,+3.64168100E-011
1470,-0.04,1470.0714,-0.290,+3.64983000E-011
1470,-0.04,1470.0714,-0.300,+3.64785000E-011
1470,-0.05,1470.0714,-0.360,+3.64626800E-011
1470,-0.05,1470.0714,-0.300,+3.65216600E-011
1470,-0.04,1470.0714,-0.310,+3.63523300E-011
1470,-0.05,1470.0714,-0.290,+3.62372600E-011
1470,-0.05,1470.0714,-0.290,+3.61006300E-011
1470,-0.05,1470.0713,-0.290,+3.63684700E-011
1470,-0.04,1470.0713,-0.310,+3.62708300E-011
1470,-0.05,1470.0713,-0.310,+3.63482700E-011
1470,-0.05,1470.0713,-0.290,+3.62792100E-011
1470,-0.05,1470.0713,-0.290,+3.62255500E-011
1470,-0.05,1470.0713,-0.320,+3.66592500E-011
1470,-0.05,1470.0712,-0.290,+3.60794200E-011
1470,-0.05,1470.0712,-0.290,+3.61506200E-011
1470,-0.05,1470.0712,-0.340,+3.60888000E-011
1470,-0.04,1470.0712,-0.310,+3.62839200E-011
1470,-0.05,1470.0711,-0.290,+3.60685300E-011
1470,-0.05,1470.0712,-0.300,+3.67563100E-011
1470,-0.05,1470.0711,-0.310,+3.62340000E-011
1470,-0.05,1470.0711,-0.280,+3.61580700E-011
1470,-0.05,1470.0711,-0.310,+3.62909700E-011
1470,-0.05,1470.0711,-0.310,+3.64320300E-011
1470,-0.05,1470.0711,-0.250,+3.66263300E-011
1470,-0.05,1470.0711,-0.350,+3.63629900E-011
1470,-0.05,1470.0710,-0.270,+3.65532400E-011
1470,-0.05,1470.0710,-0.240,+3.61414700E-011
1470,-0.05,1470.0710,-0.290,+3.63644900E-011
1470,-0.04,1470.0710,-0.320,+3.64165200E-011
1470,-0.05,1470.0710,-0.290,+3.62340400E-011
1470,-0.04,1470.0710,-0.260,+3.63413300E-011
1470,-0.04,1470.0709,-0.220,+3.63605800E-011
1470,-0.04,1470.0709,-0.310,+3.67360600E-011
1470,-0.05,1470.0709,-0.310,+3.63939600E-011
1470,-0.05,1470.0709,-0.310,+3.64142300E-011
1470,-0.04,1470.0709,-0.220,+3.66505500E-011
1470,-0.04,1470.0709,-0.310,+3.64271400E-011
1470,-0.05,1470.0708,-0.270,+3.64976100E-011
1470,-0.05,1470.0708,-0.290,+3.63054200E-011
1470,-0.04,1470.0708,-0.360,+3.64490500E-011
1470,-0.04,1470.0708,-0.290,+3.61974900E-011
1470,-0.05,1470.0708,-0.290,+3.63022000E-011
1470,-0.04,1470.0708,-0.290,+3.64519700E-011
1470,-0.05,1470.0707,-0.290,+3.59199800E-011
1470,-0.04,1470.0707,-0.320,+3.61096600E-011
1470,-0.05,1470.0707,-0.290,+3.62808200E-011
1470,-0.05,1470.0707,-0.310,+3.59853300E-011
1470,-0.05,1470.0707,-0.310,+3.62282300E-011
1470,-0.05,1470.0707,-0.310,+3.60801300E-011
1470,-0.05,1470.0706,-0.320,+3.62287800E-011
1470,-0.04,1470.0706,-0.290,+3.60745400E-011
1470,-0.04,1470.0706,-0.340,+3.62775000E-011
1470,-0.05,1470.0706,-0.340,+3.62798000E-011
1470,-0.04,1470.0706,-0.270,+3.64172300E-011
1470,-0.05,1470.0706,-0.290,+3.62292300E-011
1470,-0.04,1470.0706,-0.340,+3.63604500E-011
1470,-0.04,1470.0705,-0.290,+3.64539200E-011
1470,-0.04,1470.0705,-0.290,+3.61042000E-011
1470,-0.05,1470.0705,-0.340,+3.62294100E-011
1470,-0.04,1470.0705,-0.290,+3.59166300E-011
1470,-0.05,1470.0705,-0.340,+3.63416700E-011
1470,-0.05,1470.0705,-0.310,+3.59981600E-011
1470,-0.04,1470.0705,-0.290,+3.61581500E-011
1470,-0.04,1470.0704,-0.290,+3.61749100E-011
1470,-0.05,1470.0704,-0.340,+3.60770000E-011
1470,-0.04,1470.0704,-0.310,+3.59862500E-011
1470,-0.05,1470.0704,-0.270,+3.66446400E-011
1470,-0.05,1470.0704,-0.310,+3.60687900E-011
1470,-0.04,1470.0704,-0.320,+3.62134700E-011
1470,-0.04,1470.0704,-0.310,+3.58740500E-011
1470,-0.04,1470.0703,-0.230,+3.57117100E-011
1470,-0.05,1470.0703,-0.290,+3.62360000E-011
1470,-0.04,1470.0703,-0.310,+3.60275900E-011
1470,-0.05,1470.0703,-0.290,+3.67719300E-011
1470,-0.04,1470.0703,-0.340,+3.61941000E-011
1470,-0.04,1470.0703,-0.300,+3.65741500E-011
1470,-0.05,1470.0703,-0.270,+3.66716900E-011
1470,-0.05,1470.0703,-0.310,+3.61951500E-011
1470,-0.04,1470.0702,-0.350,+3.62351000E-011
1470,-0.04,1470.0702,-0.320,+3.63405600E-011
1470,-0.05,1470.0702,-0.310,+3.59343000E-011
1470,-0.05,1470.0702,-0.290,+3.61267300E-011
1470,-0.04,1470.0702,-0.300,+3.63918300E-011
1470,-0.05,1470.0702,-0.270,+3.62281700E-011
1470,-0.05,1470.0702,-0.290,+3.65852800E-011
1470,-0.05,1470.0702,-0.310,+3.61597000E-011
1470,-0.05,1470.0701,-0.260,+3.62906500E-011
1470,-0.05,1470.0701,-0.290,+3.60165500E-011
1470,-0.05,1470.0701,-0.310,+3.61373100E-011
1470,-0.05,1470.0701,-0.340,+3.61383500E-011
1470,-0.04,1470.0701,-0.290,+3.61527000E-011
1470,-0.04,1470.0701,-0.290,+3.62203200E-011
1470,-0.04,1470.0701,-0.320,+3.64198500E-011
1470,-0.04,1470.0701,-0.300,+3.63585100E-011
1470,-0.05,1470.0700,-0.290,+3.61948200E-011
1470,-0.04,1470.0700,-0.300,+3.60260900E-011
1470,-0.05,1470.0700,-0.260,+3.58164600E-011
1470,-0.05,1470.0700,-0.340,+3.63146800E-011
1470,-0.05,1470.0700,-0.310,+3.59574500E-011
1470,-0.04,1470.0700,-0.310,+3.62334100E-011
1470,-0.04,1470.0700,-0.290,+3.60634300E-011
1470,-0.04,1470.0699,-0.290,+3.60918500E-011
1470,-0.05,1470.0699,-0.290,+3.63330600E-011
1470,-0.05,1470.0699,-0.300,+3.63533300E-011
1470,-0.05,1470.0699,-0.290,+3.63500200E-011
1470,-0.04,1470.0699,-0.340,+3.65666800E-011
1470,-0.05,1470.0699,-0.320,+3.61163600E-011
1470,-0.04,1470.0699,-0.340,+3.61396500E-011
1470,-0.05,1470.0699,-0.290,+3.61118400E-011
1470,-0.05,1470.0699,-0.280,+3.64134500E-011
1470,-0.05,1470.0698,-0.340,+3.62433600E-011
1470,-0.05,1470.0698,-0.310,+3.63158200E-011
1470,-0.05,1470.0698,-0.290,+3.61027900E-011
1470,-0.05,1470.0698,-0.310,+3.66336100E-011
1470,-0.05,1470.0698,-0.270,+3.65045100E-011
1470,-0.05,1470.0698,-0.310,+3.65309300E-011
1470,-0.05,1470.0698,-0.310,+3.68816900E-011
1470,-0.05,1470.0697,-0.310,+3.61427000E-011
1470,-0.05,1470.0698,-0.300,+3.63989400E-011
1470,-0.04,1470.0697,-0.320,+3.64914700E-011
1470,-0.05,1470.0697,-0.320,+3.65614400E-011
1470,-0.05,1470.0697,-0.270,+3.61362300E-011
1470,-0.05,1470.0697,-0.320,+3.61397600E-011
1470,-0.05,1470.0697,-0.320,+3.60603700E-011
1470,-0.05,1470.0697,-0.340,+3.65151000E-011
1470,-0.04,1470.0697,-0.340,+3.62996500E-011
1470,-0.05,1470.0697,-0.340,+3.65967600E-011
1470,-0.05,1470.0696,-0.310,+3.61173800E-011
1470,-0.04,1470.0696,-0.310,+3.63254900E-011
1470,-0.05,1470.0696,-0.270,+3.57376100E-011
1470,-0.05,1470.0696,-0.290,+3.60900200E-011
1470,-0.05,1470.0696,-0.260,+3.63748300E-011
1470,-0.05,1470.0696,-0.240,+3.63896300E-011
1470,-0.04,1470.0696,-0.240,+3.67829300E-011
1470,-0.04,1470.0696,-0.270,+3.66370400E-011
1470,-0.05,1470.0696,-0.370,+3.63172300E-011
1470,-0.05,1470.0695,-0.310,+3.65724600E-011
1470,-0.04,1470.0695,-0.290,+3.65472900E-011
1470,-0.05,1470.0695,-0.300,+3.64116200E-011
1470,-0.05,1470.0695,-0.270,+3.61287200E-011
1470,-0.05,1470.0695,-0.260,+3.60360600E-011
1470,-0.04,1470.0695,-0.310,+3.63577300E-011
1470,-0.05,1470.0695,-0.310,+3.62405700E-011
1470,-0.05,1470.0695,-0.290,+3.61437800E-011
1470,-0.05,1470.0695,-0.320,+3.62393500E-011
1470,-0.04,1470.0694,-0.320,+3.62306100E-011
1470,-0.05,1470.0694,-0.290,+3.63088400E-011
1470,-0.05,1470.0694,-0.270,+3.65046800E-011
1470,-0.05,1470.0694,-0.270,+3.63127500E-011
1470,-0.05,1470.0694,-0.320,+3.65198800E-011
1470,-0.05,1470.0694,-0.310,+3.64599600E-011
1470,-0.04,1470.0694,-0.320,+3.60531700E-011
1470,-0.05,1470.0694,-0.240,+3.60976400E-011
1470,-0.04,1470.0693,-0.260,+3.64745900E-011
1470,-0.05,1470.0693,-0.240,+3.67502700E-011
1470,-0.04,1470.0693,-0.340,+3.62391500E-011
1470,-0.04,1470.0693,-0.270,+3.62129800E-011
1470,-0.05,1470.0693,-0.320,+3.63290300E-011
1470,-0.05,1470.0693,-0.340,+3.64316100E-011
1470,-0.05,1470.0693,-0.260,+3.60758600E-011
1470,-0.04,1470.0692,-0.310,+3.64128100E-011
1470,-0.05,1470.0693,-0.320,+3.63220900E-011
1470,-0.05,1470.0692,-0.320,+3.62211200E-011
1470,-0.05,1470.0693,-0.220,+3.62296500E-011
1470,-0.04,1470.0692,-0.340,+3.62708600E-011
1470,-0.05,1470.0692,-0.310,+3.61617300E-011
1470,-0.05,1470.0692,-0.360,+3.59758600E-011
1470,-0.05,1470.0692,-0.270,+3.64988600E-011
1470,-0.05,1470.0692,-0.320,+3.62874100E-011
1470,-0.05,1470.0692,-0.320,+3.65342500E-011
1470,-0.05,1470.0692,-0.340,+3.61489800E-011
1470,-0.05,1470.0692,-0.290,+3.61104900E-011
1470,-0.05,1470.0692,-0.320,+3.58879000E-011
1470,-0.05,1470.0692,-0.320,+3.62481200E-011
1470,-0.05,1470.0691,-0.290,+3.62320900E-011
1470,-0.05,1470.0691,-0.320,+3.61332000E-011
1470,-0.04,1470.0691,-0.290,+3.61723600E-011
1470,-0.05,1470.0691,-0.320,+3.64088500E-011
1470,-0.04,1470.0691,-0.290,+3.63988200E-011
1470,-0.05,1470.0691,-0.270,+3.59421000E-011
1470,-0.05,1470.0691,-0.270,+3.64422000E-011
1470,-0.05,1470.0691,-0.290,+3.63197700E-011
1470,-0.05,1470.0691,-0.320,+3.63015800E-011
1470,-0.05,1470.0691,-0.290,+3.63559900E-011
1470,-0.05,1470.0691,-0.360,+3.67417300E-011
1470,-0.05,1470.0690,-0.300,+3.63707600E-011
1470,-0.05,1470.0690,-0.320,+3.60887000E-011
1470,-0.05,1470.0690,-0.320,+3.63905900E-011
1470,-0.05,1470.0690,-0.340,+3.63713800E-011
1470,-0.05,1470.0690,-0.290,+3.62898100E-011
1470,-0.05,1470.0690,-0.240,+3.60476000E-011
1470,-0.05,1470.0690,-0.290,+3.62789900E-011
1470,-0.05,1470.0690,-0.350,+3.62925200E-011
1470,-0.05,1470.0690,-0.270,+3.62671600E-011
1470,-0.05,1470.0690,-0.340,+3.63839600E-011
1470,-0.05,1470.0689,-0.290,+3.61519700E-011
1470,-0.05,1470.0690,-0.320,+3.64161500E-011
1470,-0.05,1470.0690,-0.370,+3.65973700E-011
1470,-0.05,1470.0689,-0.320,+3.60175800E-011
1470,-0.05,1470.0689,-0.290,+3.66059400E-011
1470,-0.05,1470.0689,-0.310,+3.63279200E-011
1470,-0.04,1470.0689,-0.350,+3.60754200E-011
1470,-0.05,1470.0689,-0.290,+3.64868200E-011
1470,-0.04,1470.0689,-0.290,+3.62230500E-011
1470,-0.05,1470.0689,-0.320,+3.65260300E-011
1470,-0.04,1470.0689,-0.290,+3.59258000E-011
1470,-0.04,1470.0689,-0.350,+3.60109000E-011
1470,-0.05,1470.0688,-0.320,+3.62954300E-011
1470,-0.04,1470.0688,-0.320,+3.64817400E-011
1470,-0.05,1470.0688,-0.290,+3.62753100E-011
1470,-0.05,1470.0688,-0.360,+3.65577200E-011
1470,-0.05,1470.0688,-0.320,+3.57786700E-011
1470,-0.04,1470.0689,-0.340,+3.63504500E-011
1470,-0.04,1470.0688,-0.300,+3.61369800E-011
1470,-0.05,1470.0688,-0.290,+3.63354700E-011
1470,-0.05,1470.0688,-0.320,+3.61403500E-011
1470,-0.05,1470.0687,-0.270,+3.57888200E-011
1470,-0.04,1470.0688,-0.320,+3.59004800E-011
1470,-0.05,1470.0687,-0.320,+3.59937800E-011
1470,-0.04,1470.0687,-0.340,+3.61883000E-011
1470,-0.05,1470.0688,-0.320,+3.61199800E-011
1470,-0.04,1470.0687,-0.340,+3.62695700E-011
1470,-0.05,1470.0688,-0.320,+3.63904700E-011
1470,-0.04,1470.0687,-0.320,+3.62619000E-011
1470,-0.04,1470.0687,-0.320,+3.62846200E-011
1470,-0.04,1470.0687,-0.240,+3.60731700E-011
1470,-0.04,1470.0686,-0.290,+3.59210400E-011
1470,-0.05,1470.0687,-0.270,+3.61268400E-011
